2021-12-02 11:21:33+00:00,"b'Bangkok medical tourism, what you need to know in under 60 Seconds #medical #bangkok #medicaltourism https://t.co/pzwgrgVELp'",b'MedDepartures',b''
2021-12-02 09:20:08+00:00,"b'@Ambrosia_Ijebu James Barnett to interface with the Nigerian Alphabet Soup tools of oppression in 3,2,1 ... OR more\xe2\x80\xa6 https://t.co/g2eYRf7n4l'",b'ajulunzewi',b'Ciudad Del Este'
2021-12-02 08:57:45+00:00,b'@PelumiOlugbenga Lool superficial stuff.\nYou want restructuring but LG autonomy is superficial stuff \xf0\x9f\x98\x82\xf0\x9f\x98\x82\xf0\x9f\x98\x82\xf0\x9f\x98\x82\xf0\x9f\x98\x82\nHow does\xe2\x80\xa6 https://t.co/bJw5xOoGKW',b'3bood021',b'Politicking Boulevard!'
2021-12-02 08:43:03+00:00,b'Medical Tourism and where to visit https://t.co/ZSh1h72SiJ https://t.co/q4YEJnvD0s',b'22views_',"b'London, England'"
2021-12-02 08:34:38+00:00,"b""@TtifeB @ManLikeIcey How's Canada doing compared to Nigeria?\nGermany is the biggest economy in Europe\n\nYou don't se\xe2\x80\xa6 https://t.co/yRhsfkORBL""",b'Uyomayor1',b'Pluto '
2021-12-02 08:21:59+00:00,b'@AvalonGroove @3bood021 @StephanieBusari @LSMOH You all should keep deceiving yourselves. You can never see me twee\xe2\x80\xa6 https://t.co/Nj3sVDmFWZ',b'PelumiOlugbenga',b'United States | Nigeria'
2021-12-02 08:16:38+00:00,"b""@3bood021 Lmao. I'm sure I\xe2\x80\x99m closer to governance issues than you. We are not talking about superficial stuff. We a\xe2\x80\xa6 https://t.co/77skGJffOr""",b'PelumiOlugbenga',b'United States | Nigeria'
2021-12-02 07:38:52+00:00,b'Willing to go abroad for medical tourism?\nWe are here for you \nBook Now\nCall Us: 7011322148\nor visit website:\xe2\x80\xa6 https://t.co/3ydcya8qAR',b'StarMedicare',b''
2021-12-02 04:53:04+00:00,b'@MFWitches @AdyLady9969 So disheartening. I guess Australia could offer a medical evacuation/holiday option to help\xe2\x80\xa6 https://t.co/THA80Yk8Tw',b'shamathahaven',"b'Melbourne, Victoria'"
2021-12-02 04:50:28+00:00,"b'The PPSC has advertised various posts on 01-12-2021, in Industries, Commerce,Investment &amp; Skill Development Dept,To\xe2\x80\xa6 https://t.co/56do8gncM7'",b'EducationalNe11',b''
2021-12-02 04:29:17+00:00,"b'Normalcy returned to #LokSabha when it debated the Assisted Reproductive Technology (Regulation) Bill, 2021. The ne\xe2\x80\xa6 https://t.co/BdNfgnUwpc'",b'eOrganiser',b'New Delhi'
2021-12-02 04:11:16+00:00,"b'The PPSC has advertised various posts on 01-12-2021, in Industries, Commerce,Investment &amp; Skill Development Dept,To\xe2\x80\xa6 https://t.co/yiVPeygi52'",b'Logic_Academy',b'Exchange Road Haveli Lakha'
2021-12-02 03:14:59+00:00,"b""If Roe v. Wade falls in the USA, there will be 'abortion tourism' for the rich &amp; unceasing misery for the poor, who\xe2\x80\xa6 https://t.co/j8ASJw1fBU""",b'JayneBarnard1',b'Calgary'
2021-12-02 02:59:58+00:00,b'@cptramenqueen I learned everything I know about abortion from daughters and grand daughters of women who saw \xe2\x80\x9cmedi\xe2\x80\xa6 https://t.co/Gi5i3naAZ7',b'GameOf_Cubicles',b'Office Right Of The Drill Hall'
2021-12-02 02:03:46+00:00,"b""@MollyJongFast Medical tourism is about to get a big bump.\n\nToo bad only wealthy people can have procedures.\n\nThat'\xe2\x80\xa6 https://t.co/Xa6tV5aOtX""",b'Blank48893580',b''
2021-12-02 00:59:00+00:00,"b'I can\'t look at instagram without wondering, ""photoshop, plastic surgery, or both?"" And then, I wonder about the pr\xe2\x80\xa6 https://t.co/SiuOjY2o0Q'",b'IHaveMyGoals',b''
2021-12-02 00:42:06+00:00,"b'@leadlagreport Setting itself up as the discount holiday center for Europe the Middle East and Asia.\n\nOh yeah, medi\xe2\x80\xa6 https://t.co/9nbt55n6wJ'",b'HuntingStops',b''
2021-12-01 23:40:41+00:00,"b'@skepticalbrotha @docrocktex26 With reproductive rights, they would need to see all the blue states providing servi\xe2\x80\xa6 https://t.co/iCtAfnsceB'",b'sapienist',"b'Fremont, CA'"
2021-12-01 23:11:09+00:00,b'Commentary: Why Singapore is still an attractive tourist destination for Indonesians https://t.co/4yxekwleib\xe2\x80\xa6 https://t.co/qAKKuwMQNo',b'italysingapore',b'Singapore'
2021-12-01 22:31:00+00:00,"b'In Medical Tourism Mexico we take care of finding Mexico\xe2\x80\x99s top specialists with experience in medical tourism, so y\xe2\x80\xa6 https://t.co/0l7W5RaTCq'",b'MedicalTourMex',b'United States of America'
2021-12-01 22:17:05+00:00,b'Commentary: Why Singapore is still an attractive tourist destination for Indonesians https://t.co/foBZ4Mh1zu https://t.co/LnxXQ8Ny4U',b'ChannelNewsAsia',b'Singapore'
2021-12-01 22:17:04+00:00,b'Commentary: Why Singapore is still an attractive tourist destination for Indonesians https://t.co/zIXeQ7l7h1',b'HIREMAIDEA',b'Singapore'
2021-12-01 20:20:00+00:00,b'@TayJK42 @GregStohr Abortion tourism. People going to Mexico and Canada for safe medical care. The American way.',b'jsail4fun',"b'San Diego, CA'"
2021-12-01 20:17:47+00:00,b'Come and check out the @DecMorgHosp Mobile Medical Unit and DMH EMS team as we support Decatur Morgan County Touris\xe2\x80\xa6 https://t.co/1pkQV51B1d',b'DecMorgHosp',"b'Decatur, AL'"
2021-12-01 19:59:14+00:00,"b'I just posted ""Modern hotels for medical tourism in Mexico City"" on Reddit\n\nhttps://t.co/TCeemwq1qa'",b'MedicalTourMex',b'United States of America'
2021-12-01 19:40:05+00:00,"b'NextPlay Technologies, Inc. Announces Plans to Launch a New Class of Tokenized Medical Real Estate in Conjunction w\xe2\x80\xa6 https://t.co/flWwFZBslv'",b'PropTech_Awards',b'California'
2021-12-01 19:35:45+00:00,b'@WordsByJill A good reminder. Was discussing the crazy UK vet prices (and how it can pay to shop around local vets)\xe2\x80\xa6 https://t.co/WHaUiveZGn',b'CurlyAdventurer',b'London'
2021-12-01 19:27:10+00:00,b'@joncoopertweets I think medical tourism here in Canada will increase.....so sad if this right is gone',b'Rhonda_LNC',b'Canada'
2021-12-01 19:11:56+00:00,"b'@balsamroad A lot of states that will ban abortions have reservations. But, I have no idea if the politics will be\xe2\x80\xa6 https://t.co/XyTfLFk1nk'",b'niralshah',b''
2021-12-01 19:03:22+00:00,"b""@EryqOuithaqueue Medical tourism within our own country. We're a hot mess.""",b'JanetNicolazzo',b'Kona for a while'
2021-12-01 18:54:24+00:00,"b""@pamela_herd Oh, I agree.\nHere's a shameless medical tourism plug. \xf0\x9f\x98\x83https://t.co/90FOKbVSD0""",b'amwellstead',"b'Hancock, MI'"
2021-12-01 18:51:19+00:00,b'@pamela_herd People with means will always be able to get the procedure. I am not saying that providers outside the\xe2\x80\xa6 https://t.co/nhCvqG5yGN',b'amwellstead',"b'Hancock, MI'"
2021-12-01 18:46:46+00:00,b'Andi Day (\xe2\x80\x9991 History) chairs the Washington Tourism Alliance board of directors. Tracy Ostrem (\xe2\x80\x9993 Busi.) is the c\xe2\x80\xa6 https://t.co/7IywcRj2eL',b'wsmagazine',b'Washington State University'
2021-12-01 18:44:20+00:00,b'@pamela_herd A boom in medical tourism!',b'amwellstead',"b'Hancock, MI'"
2021-12-01 18:30:16+00:00,"b'""The Mexican Supreme Court\'s ruling paves the way for easy access to abortions in places along the border like Nuev\xe2\x80\xa6 https://t.co/HfRq7tetTz'",b'ConservativeLA',"b'NE Dallas, formerly SGV'"
2021-12-01 18:07:40+00:00,"b'@EmmettGraham @William60720804 @BBCNews Yes. It is a transportation SERVICE, has value far beyond fares it charges.\xe2\x80\xa6 https://t.co/UKUjR3HGZQ'",b'BerniceFarah',b''
2021-12-01 17:55:03+00:00,"b'Earlier today, we were honored to host the honorable members of the Parliamentary Committee of Tourism, Trade and I\xe2\x80\xa6 https://t.co/x5Bqi7GC2z'",b'EAMedicalVitals',b''
2021-12-01 17:20:21+00:00,b'@RoflGandhi_ @sambitswaraj The chairman of Indian Tourism Development Corporation @sambitswaraj ji promoting cultur\xe2\x80\xa6 https://t.co/BcRrqjFOMM',b'SadSharma12',"b'Sydney, New South Wales'"
2021-12-01 17:15:26+00:00,b'@StephanieBusari @LSMOH No surprises. Govt\xe2\x80\x99s rely on medical tourism to skim estacode. DNA test in Nigeria. R u abr\xe2\x80\xa6 https://t.co/IT0uNTKgpt',b'uchebakaadi',b'Normad'
2021-12-01 17:11:42+00:00,"b'@KhanSahiba_ Ajao na, its called medical tourism.\xf0\x9f\x98\x82'",b'im_decenter',b'Mardan'
2021-12-01 17:06:34+00:00,b'@cantpretendtoo Ummm\xe2\x80\xa6it\xe2\x80\x99s the healthcare economic and policy complex that has interfered in good governance! Study\xe2\x80\xa6 https://t.co/Vjh676SCQZ',b'Ydennekde',b''
2021-12-01 17:04:22+00:00,b'@YesNoMaybeSo450 @AllenAltcoin @CawthornforNC Alabama is the fastest-growing state of wealthy folks with a net wort\xe2\x80\xa6 https://t.co/g9eMxV0YJi',b'QueenFoto',"b'Alabama, USA'"
2021-12-01 16:49:20+00:00,b'@joseph9867 @lynnv378 And we already have medical tourism in Mexico.',b'GirlsBurnTrump',b'BatCave'
2021-12-01 16:48:01+00:00,"b'#MedicalTourism Market size is forecast to reach $27.38 billion by 2024, growing at a CAGR of 8.17% during 2019-202\xe2\x80\xa6 https://t.co/Raxl7VB9jH'",b'IndustryARC',b''
2021-12-01 15:57:42+00:00,b'@iancarterIM Very well written. Further to your points is that prior to the 2016 EU referendum the British Medical\xe2\x80\xa6 https://t.co/IIJ3EteNBt',b'JeremyInson',b'London'
2021-12-01 15:45:06+00:00,"b'Every year so many people come to Turkey for medical tourism for healthcare. In 2019, 662.087 foreign patients came\xe2\x80\xa6 https://t.co/dtrr0dNq7g'",b'Cangeziturizm',"b'\xc4\xb0stanbul, T\xc3\xbcrkiye'"
2021-12-01 15:14:29+00:00,"b'After independence, the Malaysian GDP grew at an average of 6.5% per annum for almost 50 years. The economy has tra\xe2\x80\xa6 https://t.co/rKl6cLbYEb'",b'ItsDies',b'There and Back Again'
2021-12-01 14:34:46+00:00,b'Medical Travel News: Bahrain\xe2\x80\x99s new 2022-2026 tourism strategy relies on seven pillars: one of which is medical tour\xe2\x80\xa6 https://t.co/EJRNmJ1UDl',b'imtjonline',b''
2021-12-01 12:42:11+00:00,"b""Also @bowtiedcub @bowtiedsov, we're talking tax breaks/holidays, tariff exemptions for equipment import &amp; less bure\xe2\x80\xa6 https://t.co/vsWkCDgiOj""",b'franlitvay',b'\xf0\x9f\x8c\x8e'
2021-12-01 12:22:09+00:00,"b'""The largest biotechnology SEZ in the world is the Hainan Medical Tourism Zone in China. The massive $60 billion US\xe2\x80\xa6 https://t.co/Y6KBbuRpcI'",b'franlitvay',b'\xf0\x9f\x8c\x8e'
2021-12-01 12:08:15+00:00,b'This afternoon @HonAniteEvelyn &amp; Hon @dbahati joined the @Parliament_Ug committee on Tourism Trade &amp; Industry in a\xe2\x80\xa6 https://t.co/7OpLk3xUeu',b'JoshMushwa',b'East Africa'
2021-12-01 12:00:54+00:00,b'What countries are fully open for #medicaltourism now? \n\nThis handy article by @ThaigerNews contains the full list\xe2\x80\xa6 https://t.co/cV5xMLm93J',b'BritMedtravel',"b'Brighton, UK '"
2021-12-01 11:57:25+00:00,b'The cost distinction is especially huge while in comparison to #Yemen. #Spinalfusionsurgery cost #India is performe\xe2\x80\xa6 https://t.co/tnQ7d1ii18',b'Spine_and_Neuro',"b'Bengaluru, India'"
2021-12-01 11:40:23+00:00,"b'Members of @Parliament_Ug Committee on Tourism, Trade &amp; Industry @ East African Medical Vitals, Ugandan-owned, $13m\xe2\x80\xa6 https://t.co/MxZ2oI6V24'",b'ugandainvest',"b'Kampala, Uganda'"
2021-12-01 11:24:59+00:00,"b""You know Medical Tourism for Cosmetic Surgery is a Thing in South Korea, let's also keep that in Mind!\n\nKeep up the\xe2\x80\xa6 https://t.co/LcT1VzfmhF""",b'PrakashLJyothi',b''
2021-12-01 11:04:46+00:00,"b""I've loved being part of Med Tourism these past 9 years. Made some great friends, met some wonderful and profession\xe2\x80\xa6 https://t.co/H2skG9fbi2""",b'PicklePntz',"b'Aberdeen, Scotland'"
2021-12-01 11:00:01+00:00,"b'On November 30, the cabinet approved a medical treatment visa scheme in order to attract high-spending tourists und\xe2\x80\xa6 https://t.co/dFB6ACq6tY'",b'NBTWORLDNews',"b'Bangkok, Thailand'"
2021-12-01 10:55:02+00:00,b'One unintended consequence of #Covid-19? A rush of #investments into #research and #medical facilities across the c\xe2\x80\xa6 https://t.co/0BsYUqeMj2',b'etk_group',b'Colchester'
2021-12-01 10:32:56+00:00,"b""@kiranmishra006 @HMOIndia @AmitShah @PMOIndia @narendramodi @noconversion It's called medical tourism. Obviously yo\xe2\x80\xa6 https://t.co/PtRyhHB9N6""",b'manojtkumar',b''
2021-12-01 10:22:11+00:00,b'@DGCAIndia This step will surely kill reviving medical tourism MVT related and thousands of foreign patients planni\xe2\x80\xa6 https://t.co/ZttrUaUYwg',b'AdityaKVats',"b'Gurgaon, India'"
2021-12-01 10:17:09+00:00,b'@ranendra_ojha Many could have told her too. Medical tourism is one of our biggest money grossers.',b'priyashmita',b'Timbuktoo'
2021-12-01 10:09:11+00:00,b'Dr. (Prof) Kirti Solanki supports the Bill by highlighting instances of foreigners coming to India for ART procedur\xe2\x80\xa6 https://t.co/Ye9MWlBXGK',b'lawbarandbench',b'India'
2021-12-01 10:04:45+00:00,"b'@notmydaughteru_ @_KateForbes @BBCHighlands So untrue. Oil rig/ship maintenance,energy works, medical manufacturing\xe2\x80\xa6 https://t.co/OTSrPODZ2h'",b'grumpy_lib',b''
2021-12-01 09:33:41+00:00,"b'Are you traveling abroad for business, vacation, or tourism? Get the Matrix travel insurance and enjoy peace of min\xe2\x80\xa6 https://t.co/H52Ke5zcGI'",b'MatrixTravelApp',b'Global'
2021-12-01 09:32:47+00:00,"b'Are you traveling abroad for business, vacation, or tourism? Get the Matrix travel insurance and enjoy peace of min\xe2\x80\xa6 https://t.co/s9tlcrGUZV'",b'MatrixCellular2',b''
2021-12-01 09:30:00+00:00,b'The Tourism Authority of Thailand (TAT) aims to push wellness tourism and medical tourism to support the travel ind\xe2\x80\xa6 https://t.co/Ue35xHbHnQ',b'prdthailand',"b'Bangkok, Thailand'"
2021-12-01 09:18:50+00:00,b'@saf_najum @umarsaif @DCSWORLDPAK Before India stooped your entrance 30% of major surgeries for Pakistanis were don\xe2\x80\xa6 https://t.co/MOEl4vsCz5',b'jackofsparrows1',"b'Noida, India'"
2021-12-01 09:15:07+00:00,"b'@PrinceArihan Tourism in all forms (leisure, medical etc).\n\nInfrastructure projects.\n\nIncentives for NRIs, High and\xe2\x80\xa6 https://t.co/6GEL5Cw0bF'",b'itsashishkaul',b''
2021-12-01 08:26:27+00:00,b'What is the cause for strife?Sikhs and Arya Samajhis impose their religion on Hindu Idol Worshippers with symbolism\xe2\x80\xa6 https://t.co/kUNF8WB3c2',b'DhodyKalra',b'Delhi'
2021-12-01 08:18:54+00:00,b'@PrinceArihan World class hospitals to promote medical tourism. Setup micro institues in smaller towns and villages\xe2\x80\xa6 https://t.co/BQ2h5bWyXs',b'AKHAND_HINDU_',b'Akhand Bharat'
2021-12-01 08:02:35+00:00,b'@annvotedJoe @serg1125 @willfree @joncoopertweets Another good reason for all states to make it fully legal for adu\xe2\x80\xa6 https://t.co/32oQIwKq0I',b'ShadowluzHPS',"b'Oregon, USA'"
2021-12-01 07:04:19+00:00,"b'The PPSC has advertised various posts on 01-12-2021, in Industries, Commerce,Investment &amp; Skill Development Dept,To\xe2\x80\xa6 https://t.co/iQn1kqFam2'",b'ppscpunjab',b'Lahore'
2021-12-01 06:51:51+00:00,"b'@prkprasad123 @AddlCPTrHyd @TelanganaDGP @KTRTRS @trsharish Sir,Major hospital like Yashoda, Apollo, care, virinchi\xe2\x80\xa6 https://t.co/V6w5JSR3Zz'",b'MUDASSIRQAMAR09',"b'New delhi,India'"
2021-12-01 06:31:23+00:00,b'@kiranmishra006 @HMOIndia @AmitShah @PMOIndia @narendramodi @noconversion Medical Tourism is not a new thing.',b'panchmukesh',"b'Burla, India'"
2021-12-01 06:11:18+00:00,"b""@SRoyChowdhury01 @kiranmishra006 https://t.co/sYT15HNXT0\n\nThat woman either has no idea what she's talking about or\xe2\x80\xa6 https://t.co/L4Mf2eIgkd""",b'seppankizhangu',b'Madras'
2021-12-01 05:21:47+00:00,"b'The idea is for BLADE to cater to the market for Emergency Medical Services, tourism, and air taxis with these new\xe2\x80\xa6 https://t.co/Q7YrVhDAjF'",b'traveldine_',b''
2021-12-01 04:45:51+00:00,b'@onnonya_tweets Bangladesh is now moving a lot to Thailand. We have been losing a lot of medical tourism business to them.',b'priyashmita',b'Timbuktoo'
2021-12-01 04:35:54+00:00,"b'@onnonya_tweets Of course they can. In Asia, Thailand, Singapore and India are top 3 destinations for medical touri\xe2\x80\xa6 https://t.co/tDU7qFbCkZ'",b'priyashmita',b'Timbuktoo'
2021-12-01 04:33:28+00:00,"b'South Africa should be praised for detecting and promptly reporting the new variant, but its vigilance and transpar\xe2\x80\xa6 https://t.co/GV6librVjp'",b'tacowt',b'China'
2021-12-01 03:30:34+00:00,b'@prasanna_says @jsensarma @pbanavara Exactly. We\xe2\x80\x99re on the same track too. Already IIT\xe2\x80\x99s are matching publication s\xe2\x80\xa6 https://t.co/smVxT0zYYD',b'trengarajan',b'Silicon Valley'
2021-12-01 02:38:07+00:00,b'@francisdanjor How did you manage to build a time machine &amp; travel from a week when we know absolute diddly-squat a\xe2\x80\xa6 https://t.co/Ay0gtx6m9p',b'SiameseXYZ',b''
2021-12-01 02:15:16+00:00,b'The Consumers Association of Penang (CAP) has received an increasing number of complaints by consumers about skyroc\xe2\x80\xa6 https://t.co/5QTeFCUtYu',b'thevibesnews',"b'Kuala Lumpur, Malaysia'"
2021-12-01 01:41:03+00:00,"b'I pray that this move will enhance your tourism, ecology, medical, currency exchange, economic stability, and menta\xe2\x80\xa6 https://t.co/QEc9nr32sI'",b'JessicaFoXX_NYC',b'N.Y.C. (All over the world)'
2021-12-01 01:31:29+00:00,"b'@PanickarS @MirrorNow Welcome to kerala for Adventure tourism, our roads will give a remarkable experience , our go\xe2\x80\xa6 https://t.co/kvn2C1ukgl'",b'ranji131978',"b'Kerala, India'"
2021-12-01 00:37:37+00:00,b'https://t.co/rYyBJmcwDq for sale at https://t.co/duc9DgX8gL\n\n\xf0\x9f\x92\xabSuitable for Health Alerts &amp; Travel Insurance\n\xf0\x9f\x92\xabSuitab\xe2\x80\xa6 https://t.co/umXkkQfLEr',b'top25domains',b'Singapore'
2021-11-30 22:57:06+00:00,"b""@JezebelKat Ngl\n\nThe day the US does MFA or some equivalent I'd hope we would encourage medical tourism by allowing people to pay in""",b'AngryDaenjangny',"b'Manhattan, NY'"
2021-11-30 21:52:47+00:00,"b""@RepTenney Unsurprisingly absent from Bad Faith Tenney's comments - mothers and the impact this will have on them.\xe2\x80\xa6 https://t.co/Awqp5lNxZu""",b'TaylorOfTheCave',b'New York'
2021-11-30 20:36:55+00:00,b'Cabinet approves new medical visa. #Thailand #Bangkok #Phuket #Samui #Pattaya #Ayutthaya #ChiangMai #covid19\xe2\x80\xa6 https://t.co/n3K9okql1T',b'be_in_Bangkok',b'Germany'
2021-11-30 19:31:52+00:00,b'@Eslanderkow @cityofhargeisa @DrSJaishankar Medical tourism from #Somaliland or at least a process for getting one.',b'ZahraNomadic',"b'London---Hargeisa, Somaliland '"
2021-11-30 19:31:45+00:00,"b'@PaulTreyvaud Destroying tourism, destroying hospitality, creating anxiety in little children, removing medical pri\xe2\x80\xa6 https://t.co/5MqE9MEjbC'",b'EddiePunch',b''
2021-11-30 19:17:28+00:00,b'Medical #tourism moves around approximately USD 40 billion a year in Africa as per estimate made public by EABA Egy\xe2\x80\xa6 https://t.co/HnPB4D5FiC',b'ANBABrasilArabe',"b'S\xc3\xa3o Paulo, Brasil'"
2021-11-30 18:51:00+00:00,b'This will be a big boost for medical tourism in #Chennai as a large chunk of people arriving from #Dhaka &amp;\xe2\x80\xa6 https://t.co/1JmVmYS78z',b'ChennaiFlights',"b'Chennai (\xe0\xae\x9a\xe0\xaf\x86\xe0\xae\xa9\xe0\xaf\x8d\xe0\xae\xa9\xe0\xaf\x88), TN'"
2021-11-30 17:24:03+00:00,"b'@etsedafeamekpor @kwakurafiki2 Bagbin needs a rest in Siberia to cool his heels  &amp; ego, and heal himself after his\xe2\x80\xa6 https://t.co/CV7QjTJCbU'",b'august4551',b'Adafienu'
2021-11-30 16:53:50+00:00,b'@welladriansays @JuliaHB1 Yes. I know. Medical tourism helps our economy.',b'HannahK44892411',b''
2021-11-30 16:17:13+00:00,b'@MisterSatellite @bayleebra @ywshake @SethReeves15 @justinbaragona Also we literally have Americans all over the na\xe2\x80\xa6 https://t.co/Z7yFo3bw9z',b'cronchncranch',b'He/Him'
2021-11-30 15:36:33+00:00,"b'@voltic_earth I\xe2\x80\x99m not sure what this data means other than listing off countries, but the statistics you should be\xe2\x80\xa6 https://t.co/re6bqwxgug'",b'TwitetrM',b''
2021-11-30 14:27:28+00:00,b'10 Things Buhari criticized before 2015:\n\n1. Fuel Subsidies\n2. High Cost of govt.\n3. Increasing Debt\n4. Low Naira V\xe2\x80\xa6 https://t.co/8fqhaHYzsC',b'Towchukwu',b'Lagos Nigeria'
2021-11-30 14:14:13+00:00,b'@MobilePunch They say this all the time yet allow stolen funds from here to be domiciled in the UK and allow thieve\xe2\x80\xa6 https://t.co/eNfBkx4fN5',b'EbirienO',b'NG.'
2021-11-30 13:50:01+00:00,"b'#InvestPR, @Cor3pr, @DDECPR, and the #PuertoRico Medical Devices Cluster have joined in collaboration to share insi\xe2\x80\xa6 https://t.co/zTZ3nKAB2z'",b'InvestPR',"b'San Juan, Puerto Rico'"
2021-11-30 12:40:34+00:00,"b'@DrFizaAkbarKha1 @KlasraRauf \nDare compete? The key lies in education...what do you boast of Osama, Dawood, Azhar M\xe2\x80\xa6 https://t.co/YXdGcalSC0'",b'Hemant663',b''
2021-11-30 12:23:22+00:00,b'Medical tourism is going to rise like the Phoenix in 2022! #medicaltourism #phoenix #2022 https://t.co/EIaAPxOtdn',b'MedDepartures',b''
2021-11-30 12:15:36+00:00,b'@sakie339 The international standard of health care and relatively low cost has been attracting patients from all o\xe2\x80\xa6 https://t.co/qUyTXTjiFP',b'ImDrBalaji',b'Chennai'
2021-11-30 11:51:18+00:00,"b""It's the Medical Tourism for me.\nSad but true https://t.co/OzFvyHTacJ""",b'Afarnoexcel',b''
2021-11-30 11:14:20+00:00,"b'@RexKwasiDanquah 3) As Bagbin goes on an alleged $600,000 medical tourism the Ghanaian hospitals lack even the basi\xe2\x80\xa6 https://t.co/xLPIDrQdz3'",b'august4551',b'Adafienu'
2021-11-30 10:24:51+00:00,"b""@NidaKirmani What's the issue here? Medical tourism is a high potential activity - its already well established in\xe2\x80\xa6 https://t.co/i6j6Qr9JDQ""",b'skhanyz',"b'Ottawa, ON, Canada '"
2021-11-30 10:13:58+00:00,b'@theprimadelilah @Ddd197104 @Peter_G_Dawg @rafysnafy @MarkMcGowanMP Thailand and malaysia have been advertising as\xe2\x80\xa6 https://t.co/qj9MbaMhBS',b'Shamds3',b''
2021-11-30 10:10:03+00:00,"b'""Infertility is a new science, but it is science.""\n\nDr Marisa L\xc3\xb3pez-Teij\xc3\xb3n, Director of @imarques_EN, breaks down t\xe2\x80\xa6 https://t.co/wUKX254GKI'",b'treatmentabroad',"b'London, UK'"
2021-11-30 09:59:21+00:00,b'@kiranmishra006 Amit aunty suddenly discovers medical tourism happening in the state because of higher quality medi\xe2\x80\xa6 https://t.co/ER2D0nDr2u',b'seppankizhangu',b'Madras'
2021-11-30 09:56:23+00:00,b'Revival of Medical tourism https://t.co/m00o97E27G',b'khitdiidii',"b'Bangkok, Thailand'"
2021-11-30 09:52:34+00:00,b'@setordothiss ah fr that be the medical tourism?\xf0\x9f\x98\x82',b'fearthecactus',b'\xf0\x9f\x87\xac\xf0\x9f\x87\xad'
2021-11-30 09:09:09+00:00,b'what tf is medical tourism and why is it so expensive? https://t.co/6S9qXP71Sg',b'fearthecactus',b'\xf0\x9f\x87\xac\xf0\x9f\x87\xad'
2021-11-30 08:13:20+00:00,b'@tathagata2 UNDER MAMATA\xf0\x9f\x94\xa5? NO NEW UNIVERSITY/ COLLEGE/ MEDICAL COLLEGE/ INDUSTRY/ HOSPITAL/ CENTRAL UNIVERSITY/ MAJ\xe2\x80\xa6 https://t.co/HIGexGBfmY',b'DipakChoudhuri2',b''
2021-11-30 08:11:55+00:00,"b'With every medical incident we have, the very idea that anyone would come to Australia for ""medical tourism"" is laughable'",b'MrsBker',b'Australia'
2021-11-30 07:59:55+00:00,"b""@andyfrom_embsay @JamesClatayyy ' @ThomoCom97 @ElaineJe3 Independent quotes Swiss Tourism saying solution will come\xe2\x80\xa6 https://t.co/9ityr5Z31W""",b'skipedia',b'UK'
2021-11-30 07:31:39+00:00,b'@MinofHealthUG what befell our beloved Lubowa International Hospital? We were promised so many dollars in medical t\xe2\x80\xa6 https://t.co/Be5qx12ZRR',b'RichardSendagi1',b''
2021-11-30 04:01:42+00:00,b'@AJA_Cortes Medical tourism is quite popular in Malaysia pre-covid',b'NotShuen',b''
2021-11-30 01:36:27+00:00,"b'Because advancing space science and space exploration advances all areas on earth. Medical research, technological\xe2\x80\xa6 https://t.co/Izz71dQ5sE'",b'RockettLord',b'Milky Way'
2021-11-30 00:41:27+00:00,"b'#hashtag2 What is Medical Tourism, its benefits, and risks too https://t.co/0kVXO1RTxR https://t.co/4XYep1g7c6'",b'JamilMondiya',b'United States'
2021-11-29 23:51:41+00:00,b'@ShibBender https://t.co/haelbIyfWJ I know why..... new laws .. crypto n medical.',b'shibainucafe',b'DYOR  \xf0\x9f\x91\xbd  #CHT gonna roll up'
2021-11-29 23:34:15+00:00,"b""@rwarrin64 @SteveSchmidtSES @BulwarkOnline Putin's wet dream to balkanize the US? \n\nTexas had oil, great universiti\xe2\x80\xa6 https://t.co/FdCJljHpgF""",b'eturleye',"b'Arizona, USA'"
2021-11-29 23:29:21+00:00,b'Germany Travel Insurance \xe2\x80\x93 Medical Health Insurance  For Foreign Visitors In Germany https://t.co/sw0QmiIo3e',b'MOstafa_Mahm0ud',"b'El Gharbia, Egypt'"
2021-11-29 23:15:07+00:00,"b'In the last 21 months -\nA bunch of EPIC PERVERTS completely and totally BLEW UP the medical, science and education\xe2\x80\xa6 https://t.co/D609a0kxhA'",b'MoonInVeritas',"b'\xe1\x9b\x89 Midgard,Yggdrasil \xe1\x9b\x97 \xf0\x9f\x8c\xb2'"
2021-11-29 21:33:07+00:00,"b'#TFi4SD Africa 2022 in New York City! Save the date: June 1-3, 2022. Details coming soon: https://t.co/Awc3GYCK0n.\xe2\x80\xa6 https://t.co/ZZZEx7B8IC'",b'EcnnovateAfrica',b'Canada // Cape Verde'
2021-11-29 21:14:15+00:00,b'@DrEricDing It\xe2\x80\x99s incredibly childish to refuse medical equipment to help your economy and make sure you can continu\xe2\x80\xa6 https://t.co/5OSBJhDzyQ',b'NeverDrumpfEver',b''
2021-11-29 20:34:51+00:00,b'@Jesse73860907 @CycleTherapist1 @The_Libertaaron @OfficialSPGB @POTUS People in the US contribute a much larger amo\xe2\x80\xa6 https://t.co/TKJDBXlIO7',b'RobVanDom',"b'Baltimore, MD'"
2021-11-29 20:21:46+00:00,"b'@UberFacts A country where the President is always jetting out,  medical tourism, begging all and sundry, a country\xe2\x80\xa6 https://t.co/YFr5h4PX9H'",b'dominionangel1',"b'Lagos, Nigeria'"
2021-11-29 19:48:58+00:00,"b""medical tourism is, in case you don't already know, SO SO SO PRIVILEGED""",b'scoopydoops',"b'Edmonton, Alberta'"
2021-11-29 19:15:14+00:00,"b""Has the significance of the Chief Medical Officer's 2021 Annual report to coastal tourism destinations and other co\xe2\x80\xa6 https://t.co/GDBwNijLea""",b'PeterHampsonBD',b'England'
2021-11-29 18:23:54+00:00,b'Medical tourism is already a thing. People will go to places like Malaysia for a surgery and 6 start hospital stay.\xe2\x80\xa6 https://t.co/oS3Pq21PAh',b'thedanmckinley',b'Fountain of Youth'
2021-11-29 18:22:59+00:00,b'@Rannoushette @chrischirp And 86% of the population in SA have not been vaccinated. So SA can say what they like. T\xe2\x80\xa6 https://t.co/NLQ5diN9U0',b'HampshireFEA',"b'South East, England'"
2021-11-29 17:12:26+00:00,"b""New video by LIVE TRAVEL ASIA: Medical Tourism in Korea at Bucheon St Mary's Hospital https://t.co/WJTGpmtdHv""",b'PopeKael',"b'Nong Khaem, Bangkok'"
2021-11-29 17:09:16+00:00,b'Turkey offers good opportunities to patients who come for health tourism. You can get well qualified medical servic\xe2\x80\xa6 https://t.co/KIKVAh6Ydc',b'cureristic',b'Istanbul'
2021-11-29 16:53:04+00:00,"b'We the people of Tripura, for the people TIPRA. Our demand for #Greatertripuraland will never stop, untill we Honou\xe2\x80\xa6 https://t.co/PdYHYstfov'",b'sureshchakma321',"b'Chennai, India'"
2021-11-29 16:05:05+00:00,b'#RUSSELL Respiratory Clinic by appointment ONLY. Clinic is for patients experiencing respiratory symptoms who need\xe2\x80\xa6 https://t.co/lOPvYKT0FJ',b'PrairieMtHealth',"b'Manitoba, Canada'"
2021-11-29 15:43:01+00:00,b'Medical Tourism In Bangkok Thailand https://t.co/mDLDFnu99o https://t.co/eN0S1CrkXY',b'22views_',"b'London, England'"
2021-11-29 15:39:02+00:00,b'What\xe2\x80\x99s the future of Thailand\xe2\x80\x99s Medical Tourism? \n.\n.\n#medicaltourism #thailand #healthcare',b'thelittleharri1',"b'Bangkok, Thailand'"
2021-11-29 15:20:28+00:00,"b'@Calton74680657 @PacheduZW @HermanMashaba We are just saying: We will freeze the assets of Zanu pupulu, bar them fr\xe2\x80\xa6 https://t.co/UYaSTppusA'",b'lozana77',"b'Soweto, South Africa'"
2021-11-29 15:08:03+00:00,b'Medical Tourism \xe2\x80\x93 Know the Risks and Protect Yourself Before You Go https://t.co/OEEcdT5Dwc https://t.co/0X9NGpP5Zp',b'22views_',"b'London, England'"
2021-11-29 14:49:30+00:00,"b'GHANA MATTERS: Can\xe2\x80\x99t buy a $100,000 laparoscopy tower for our our premier hospital Korle Bu, yet each appointee rid\xe2\x80\xa6 https://t.co/6SaVJiz2NI'",b'august4551',b'Adafienu'
2021-11-29 14:22:28+00:00,"b""\xe2\x80\xa2the girls\n-Songhwa Chae, an ace medical student, Iksun's roomate.\n-Gyeoul Jang, a tourism student who had been sec\xe2\x80\xa6 https://t.co/9C5j9jXwx1""",b'hpdaily_anonw',b'\xec\xb0\xbd\xec\x9b\x90'
2021-11-29 14:14:22+00:00,"b'@DrAwab @AlviDental Congratulations!\nPerhaps this can help make Pakistan a medical tourism destination like India,\xe2\x80\xa6 https://t.co/szp2bjeoaV'",b'NC_CyberLaw',"b'North Carolina, USA'"
2021-11-29 14:02:39+00:00,b'@AUThackeray @FariyasGroup such group will ruin Maharashtra name in tourism becoz of their approach. My company\xe2\x80\xa6 https://t.co/2bmumWFVRb',b'ecfmgdr',b'mumbai'
2021-11-29 14:00:27+00:00,"b'This month, Israel\xe2\x80\x99s Ministry of #Tourism are welcoming back vaccinated #medicaltourists.\nThe Ministry of Tourism e\xe2\x80\xa6 https://t.co/MAzckVWqcf'",b'BritMedtravel',"b'Brighton, UK '"
2021-11-29 13:55:24+00:00,"b'My latest article entitled ""Economic, Cultural, and Political Requirements for Medical Tourism Development in Iran:\xe2\x80\xa6 https://t.co/1D2GYXPm4E'",b'NicolaBragazzi',b''
2021-11-29 13:30:14+00:00,b'@Jesse73860907 @CycleTherapist1 @The_Libertaaron @OfficialSPGB @POTUS That simply isn\xe2\x80\x99t true\xe2\x80\xa6 in fact the opposite\xe2\x80\xa6 https://t.co/S8t7vf9NgM',b'BarbenCrotts',"b'DuBois, PA'"
2021-11-29 11:42:10+00:00,"b'One-Stop, Medical Tourism Spot\n\nCall Us: 7011322148\nor visit website: https://t.co/vfphyVDOVe\n\n#tourist #visitors\xe2\x80\xa6 https://t.co/5hi2hdWGSB'",b'StarMedicare',b''
2021-11-29 11:19:33+00:00,"b""@Adekbolaji @RBiakpara The point you are missing is, you can't criticize something and then do exactly the same or\xe2\x80\xa6 https://t.co/Yk4oU1Xalv""",b'i2much4dem',"b'Sydney, Australia '"
2021-11-29 10:52:52+00:00,b'@fanatelevision Hurry up guys z new world needs urgency lots of silent and decent Peopel are waiting. Lots of proje\xe2\x80\xa6 https://t.co/LFCFBnZEnZ',b'TeferiS1',b'Ethiopia'
2021-11-29 09:35:01+00:00,b'LaingBuisson\xe2\x80\x99s Medical Travel and Tourism Global Market Report is essential reading if you wish to make more inform\xe2\x80\xa6 https://t.co/sBNrWD4aYQ',b'imtjonline',b''
2021-11-29 08:07:59+00:00,b'Another bad experience! How do we move from here? in efforts to promote and make Dar Es Salaam-Tanzania a regional\xe2\x80\xa6 https://t.co/J01zpCIDtB',b'MSelekwa',"b'Dar es Salaam, Tanzania'"
2021-11-29 07:33:58+00:00,b'Covid travel restrictions had a surprising effect on medical tourism from Africa https://t.co/dgHu1pmHdk via @qzafrica',b'CamaraMoulaye',"b'Johannesburg, South Africa'"
2021-11-29 07:21:47+00:00,"b'@anthonylindle10 Thanks Anthony, I am certainly trying to stay safe. However they say the vaccine does respond to t\xe2\x80\xa6 https://t.co/3aIz5R97Ku'",b'KerryLe49858718',b'South Africa.'
2021-11-29 06:18:02+00:00,b'Panama Medical Tourism offers Ageless Wonders https://t.co/3UFZ3QKiuu https://t.co/MZw2w2iOiy',b'22views_',"b'London, England'"
2021-11-29 05:28:49+00:00,b'Delighted and honored to have participated as distinguished speaker in the 1st Emirates Health Economics Society Co\xe2\x80\xa6 https://t.co/yl0rzspw0P',b'MohamedKayal2',b'Abu Dhabi'
2021-11-29 05:23:21+00:00,"b""Almost two years into the pandemic and Australia still doesn't have any new federal quarantine facilities. Hotels a\xe2\x80\xa6 https://t.co/5TAFNJWq9r""",b'Mark_Butler_MP',"b'Adelaide, South Australia'"
2021-11-29 04:58:51+00:00,b'True\n\nReminds me of the \xe2\x80\x9csuperbug\xe2\x80\x9d named after New Delhi - NDM-1 in 2010\n\nWhat bugged was that it stank of a conspi\xe2\x80\xa6 https://t.co/ABGHIw0PWj',b'pallavict',"b'Mumbai, India'"
2021-11-29 02:31:19+00:00,b'@JohnnyTheManly @mctrebels @coomicorn @Locati0ns Disease like polio etc. have been totally neutralised. \nThe hospit\xe2\x80\xa6 https://t.co/RwcxA605ms',b'CaCo_three',b'Bharat & world \xf0\x9f\x87\xae\xf0\x9f\x87\xb3 \xf0\x9f\x8c\x8e'
2021-11-29 02:01:39+00:00,b'@jeezyjeezy21 @PastelMask @Capi_Phil @haraldthunem @t_ffeJ @RBReich So does Germany.  Those countries literally wil\xe2\x80\xa6 https://t.co/CefzSpo3cm',b'almcmillz',b'Borealic/subarctic'
2021-11-28 23:52:44+00:00,b'@advocatemahere Sabotaging Sadc because they rush to publish news without sitting down &amp; discuss with medical docto\xe2\x80\xa6 https://t.co/7bfwQMKOnA',b'WilliamMuringa2',b''
2021-11-28 22:37:43+00:00,"b'@Imudia_se2 Is this a movie scene?\nMy goodness! \xe2\x80\x9cPastor Weaver\xe2\x80\x9d, now a charity case? I never knew!\n\nWe play around\xe2\x80\xa6 https://t.co/1eIhsadjHc'",b'oluwaloninyo',"b'\xc3\x9cT: 6.588557,3.363271'"
2021-11-28 21:58:25+00:00,b'@akin_adesina @Amaka_Ekwo @WHO @DrTedros @CyrilRamaphosa @PaulKagame @AUC_MoussaFaki But I want the treatment so yo\xe2\x80\xa6 https://t.co/dJ4erGLTBb',b'Martins88570809',b'The Netherlands'
2021-11-28 21:28:09+00:00,b'literally just completed my final presentation on Standardizing Post-Operative Care in Medical Tourism https://t.co/JtqGlkIfmL',b'shutupnggr',b''
2021-11-28 19:07:02+00:00,b'Why Nigeria Loses 1 Billion Dollar On Medical Tourism \xe2\x80\x93 Minister Explains https://t.co/wtrLqHZMz3',b'AimsDigitalNet',b'United States'
2021-11-28 19:00:36+00:00,b'@DanielArie11 @jnordvig South african economy is highly dependable for tourism. I would slightly question their mot\xe2\x80\xa6 https://t.co/HLYXXjotir',b'TMantela',"b'Tampere, Suomi'"
2021-11-28 18:48:03+00:00,"b'@richardquest Agree. What is the objective of their travel: tourism, business, family, medical...?'",b'HMV3',b'On Earth '
2021-11-28 16:57:40+00:00,b'import tro-tros for ambulances. How did the laws deal with this? And now that BAGBIN is on medical tourism to Dubai\xe2\x80\xa6 https://t.co/2W5xTOSw0s',b'august4551',b'Adafienu'
2021-11-28 16:52:24+00:00,"b'#elwaha_discover\nIf you suffer from any pain in your body\nEspecially the bones, the advertisement is for you\nWith t\xe2\x80\xa6 https://t.co/kb4zNfcqhQ'",b'zainabs19624182',"b'El Kh\xc3\xa2rga, New Valley, Egypt'"
2021-11-28 15:17:42+00:00,b'You want malaysia to be one of the top destinations for medical tourism yet you create a system that will limit the\xe2\x80\xa6 https://t.co/R0itF4uUl7',b'armaghaz',b'Suburb of Cheras'
2021-11-28 14:51:05+00:00,b'@SudhakSubra @annamalai_k @arivalayam Neet is not for you..\nIt is for make India a best high class  medical tourism\xe2\x80\xa6 https://t.co/Cu6RhV4UEI',b'ssskarur',b''
2021-11-28 14:29:34+00:00,b'Medical Travel News: Croatia has become the most popular EU destination for Russians going on COVID-19 vaccination\xe2\x80\xa6 https://t.co/ht0wZmu1rR',b'imtjonline',b''
2021-11-28 12:46:55+00:00,"b'@okiraul1 @GovUganda Part of the answer lies on your supermarket shelves. The others lie in your tourism industry, medical services etc.'",b'FLalango',b''
2021-11-28 12:39:15+00:00,"b'@GBNEWS NHS must concentrate on far more frontline staff, has far to many pen pushers &amp; managers. Non jobs like pil\xe2\x80\xa6 https://t.co/wsHCSWrSik'",b'Cornishgirl9',"b'Falmouth, England'"
2021-11-28 10:37:10+00:00,b'Space Tourism is not a dream \xe2\x80\x93 it is a reality. The new medical challenges imposed by having tourists in an extrate\xe2\x80\xa6 https://t.co/sRrFTS2lh9',b'InnovaSpaceNews',b''
2021-11-28 09:44:37+00:00,b'@ntvkenya Medical value is old school news kenya should legalise bhang! For 2 things to improve industrial/market and increase of tourism!',b'vannoman',"b'Scotland, United Kingdom'"
2021-11-28 09:18:19+00:00,b'@Godvizos @manivannantry Ofcourse Kongu belt made by the people who all are living here. For example once upon a ti\xe2\x80\xa6 https://t.co/gaITQXSkp2',b'anushgovi',b'coimbatore'
2021-11-28 09:13:23+00:00,b'The  2020 Trump ban on immigration (not travel) from Africa was NOT related to COVID-19 or any other public health\xe2\x80\xa6 https://t.co/E510XQpcyl',b'kegill',b'Seattle WA'
2021-11-28 08:18:58+00:00,b'Tribal population and medical emergencies - Jammu Kashmir Latest News | Tourism | Breaking News J&amp;K\xc2\xa0\xc2\xa0Daily Excelsio\xe2\x80\xa6 https://t.co/NNBToQWs50',b'ranaalikash',b'World'
2021-11-28 08:15:29+00:00,"b'@cWpSr @markpoloncarz @StephenMarth @ECDOH this was pre-covid.  also, it was racist optics.""Unlike the controversia\xe2\x80\xa6 https://t.co/z8Stm4X8af'",b'Candidcandy8',b''
2021-11-28 08:00:45+00:00,b'MEDICAL TOURISM: ISO STANDARD FOR CHOOSING THE RIGHT HEALTHCARE PROVIDER https://t.co/xvvPFJihst',b'EINTravelNews',"b'Washington, D.C.'"
2021-11-28 08:00:26+00:00,b'MEDICAL TOURISM: ISO STANDARD FOR CHOOSING THE RIGHT HEALTHCARE PROVIDER https://t.co/6WxvIfhEaD',b'EINHealthcare',"b'Washington, D.C.'"
2021-11-28 07:22:01+00:00,b'@NatalieRevolts I never said I wanted to support Rhee. My interest in the DPRK is to beg Kim Jong Un to provide med\xe2\x80\xa6 https://t.co/roG47hYvVA',b'MRKIANNICELLI',b'Wisconsin'
2021-11-28 07:02:44+00:00,b'Thailand aims to revive its MEDICAL TOURISM\n\n#Thailand #Bangkok #Pattaya #Phuket #WhatsHappeningInThailand\xe2\x80\xa6 https://t.co/RlRIjEVru9',b'BangkokJackNews',"b'Bangkok, Thailand'"
2021-11-28 06:37:06+00:00,b'MEDICAL TOURISM: I\xe2\x80\x99m redirecting traffic to Asaba with\xe2\x80\xa6 \xe2\x80\x93 Okobah https://t.co/s1MrC93awx #vanguardnews',b'vanguardngrnews',b'Nigeria'
2021-11-28 05:50:16+00:00,b'MEDICAL TOURISM: I\xe2\x80\x99m redirecting traffic to Asaba with\xe2\x80\xa6 \xe2\x80\x93 Okobah https://t.co/u311St3Pxh',b'Naijawhatsup',b'Nigeria'
2021-11-28 05:44:12+00:00,"b'Queensland protests aren\xe2\x80\x99t the Wild West. Ppl from all walks of life arrived. Medical professionals, Tradies, Cafe\xe2\x80\xa6 https://t.co/mEkuGAXl4T'",b'australiantalk',b'Australia'
2021-11-28 05:44:03+00:00,b'MEDICAL TOURISM: I\xe2\x80\x99m redirecting traffic to Asaba with\xe2\x80\xa6 \xe2\x80\x93 Okobah https://t.co/Qd6Mv7gQ1T',b'OnwardNG',b'onwardng@gmail.com'
2021-11-28 05:43:42+00:00,"b'Dear patients, I am no longer working with a health tourism agency. \n\nFor professional service and excellent care,\xe2\x80\xa6 https://t.co/ZhuPz5kdC7'",b'DrYukselYurttas',"b'\xc4\xb0stanbul, T\xc3\xbcrkiye'"
2021-11-28 05:41:59+00:00,b'MEDICAL TOURISM: I\xe2\x80\x99m redirecting traffic to Asaba with\xe2\x80\xa6 \xe2\x80\x93\xc2\xa0Okobah https://t.co/imLpYPbuSC',b'vanguardngrnews',b'Nigeria'
2021-11-28 05:01:06+00:00,b'@geenaeus @AnnanPerry And NDC had not been able to do that which is right for the country for the 27 years they had\xe2\x80\xa6 https://t.co/sXFdDlAIUK',b'august4551',b'Adafienu'
2021-11-28 04:34:18+00:00,b'@Lindseyisrad Less than 5 hours away from Vegas.  https://t.co/EpdJ46UhTe',b'joegalope',"b'Arizona, USA'"
2021-11-28 02:26:16+00:00,"b'@beau_corbeau @BlazeFyre Right now costs are unlimited, so spreading out access to medical care becomes prohibitive\xe2\x80\xa6 https://t.co/tERMc5INzo'",b'cewnch',b''
2021-11-27 23:03:59+00:00,"b""@SimonBanksHB @mr_internet @ScottMorrisonMP Let's be honest here Alan Joyce / The Business Council / Tourism Austra\xe2\x80\xa6 https://t.co/iRyCfAfzas""",b'JohnMil48810492',b''
2021-11-27 22:01:52+00:00,"b'Tourism in Jordan \xf0\x9f\x87\xaf\xf0\x9f\x87\xb4\n#amman #Jordan  Jordan_tourism \xf0\x9f\x87\xaf\xf0\x9f\x87\xb4\xe2\x9c\x94\n The most enjoyable times, trips, \n \xe2\x9c\x94 Escort, guide and gui\xe2\x80\xa6 https://t.co/OE7vE4IIfO'",b'Tourism_JO',"b'\xd9\x85\xd8\xad\xd8\xa7\xd9\x81\xd8\xb8\xd8\xa9 \xd8\xb9\xd9\x85\xd8\xa7\xd9\x86, \xd8\xa7\xd9\x84\xd9\x85\xd9\x85\xd9\x84\xd9\x83\xd8\xa9 \xd8\xa7\xd9\x84\xd8\xa3\xd8\xb1\xd8\xaf\xd9\x86\xd9\x8a\xd8\xa9 '"
2021-11-27 21:57:43+00:00,b'The best eye surgery /optometry hospitals and clinics are in Istanbul. Contact us. \n1 437 371 2151 \xf0\x9f\x87\xa8\xf0\x9f\x87\xa6 \xe2\x81\xa0\n1 757 751 9\xe2\x80\xa6 https://t.co/GMP9qTiIYC',b'concept_tourism',"b'Toronto, Ontario'"
2021-11-27 19:32:00+00:00,"b'And here is the evidence that the scary variant story is a behavioural science technique to promote boosters,all at\xe2\x80\xa6 https://t.co/38ePEU6oMO'",b'MyringNikolia',b''
2021-11-27 18:39:08+00:00,"b'South African Medical Association says #Omicron Variant causes mild illness.  \xe2\x80\x9cThey might have a slight cough\xe2\x80\x9d, Ang\xe2\x80\xa6 https://t.co/VYckPoUKkl'",b'WithyGrove',"b'England, United Kingdom'"
2021-11-27 18:27:19+00:00,"b'@FloraRuramai @bbmhlanga @NgarivhumeJacob Kwana iwe wapiwa nani mbanje, zvauri munhu mukuru wani?\n\nTell you corrupt\xe2\x80\xa6 https://t.co/6cU2nzbLUX'",b'believemoyo4',b''
2021-11-27 17:42:26+00:00,"b'@Tuliodna It\xe2\x80\x99s not just tourism. I know personally of lost business opportunities, postponed medical procedures, missed funerals and more.'",b'profheathergray',"b'Berkeley, CA'"
2021-11-27 17:19:25+00:00,"b""Crashing our economy, tourism, jobs, livelihoods for the flu? #RamaphosaMustGo He's lost touch with reality\xe2\x80\xa6 https://t.co/mRB56UwGgg""",b'PartyOfAction',b'South Africa'
2021-11-27 17:08:45+00:00,"b'A friend of a friend is in Ukraine right now after a bit of medical tourism, getting shoulder surgery on the cheap.\xe2\x80\xa6 https://t.co/sMYD2IFom6'",b'giazetetic',b'Still roaming'
2021-11-27 16:50:46+00:00,"b'@NuckChorris16 @whomeverett For $6000.00 I would consider having this done via medical tourism. Talk to expats, fin\xe2\x80\xa6 https://t.co/yQKfOKfsTu'",b'balsamroad',b'Mid Atlantic'
2021-11-27 16:41:04+00:00,"b""Fighting Stigma :  Developing India's Roadmap for Medical and Wellness Tourism \xe2\x80\x94 LaingBuisson News: India's Union C\xe2\x80\xa6 https://t.co/yjavNYx5Be""",b'PairsonnalitesU',b'WORLDWIDE'
2021-11-27 15:32:59+00:00,"b""And on save our NHS there are NO dentist appointments taking anyone on near me, not even children. It's private alr\xe2\x80\xa6 https://t.co/lM6Bh7edNo""",b'PleasureEthics',"b'England, United Kingdom'"
2021-11-27 15:12:26+00:00,"b'@samgeorgegh When the Speaker is back from his medical tourism to Dubai at the expense of the taxpayers, call the m\xe2\x80\xa6 https://t.co/M4uFgMwb47'",b'august4551',b'Adafienu'
2021-11-27 14:26:45+00:00,b'Medical Travel News: India\xe2\x80\x99s Union Cabinet has said it is seeking trade feedback on the proposed Roadmap for Medica\xe2\x80\xa6 https://t.co/oc972KV8HL',b'imtjonline',b''
2021-11-27 14:14:12+00:00,b'@jagyenim Is this also not part of the insensitivity of the political leadership of Ghana? While Korle Bu lacks bas\xe2\x80\xa6 https://t.co/rUffD2lpci',b'august4551',b'Adafienu'
2021-11-27 13:48:46+00:00,b'@perdidostschool @KathyHochul If the offices are open and the tourists are flooding in and the hospital capacity is\xe2\x80\xa6 https://t.co/0hZKK5bLAX',b'Sars2_Club',b''
2021-11-27 13:36:34+00:00,"b'GHANA MATTERS: ALBAN BAGBIN, the speaker of Parliament is on medical tourism in Dubai at the expense of the taxpaye\xe2\x80\xa6 https://t.co/F7mITNUmwG'",b'august4551',b'Adafienu'
2021-11-27 13:19:56+00:00,b'@nasis4u @real_vim 1)Where is the \xe2\x80\x9ctribal hypocrisy\xe2\x80\x9d in the post under reference? Are we not tired of the largesse\xe2\x80\xa6 https://t.co/0IMa1ME0Aj',b'august4551',b'Adafienu'
2021-11-27 13:05:11+00:00,b'GHANA MATTERS: The WASTE in the form of the high volumes of expenditures on the ARTICLE 71 Officeholders must be ex\xe2\x80\xa6 https://t.co/RtTP8HleZC',b'august4551',b'Adafienu'
2021-11-27 12:58:08+00:00,b'@kwakurafiki2 How can you an NDC speak for any NPP? Twisting your imagination to cause rift in NPP is your main mot\xe2\x80\xa6 https://t.co/YJTe0sYvl1',b'august4551',b'Adafienu'
2021-11-27 11:58:39+00:00,b'Like Tea! As much as we do around here? Then call in and have a chat with @outdoors_medical_herbalist at\xe2\x80\xa6 https://t.co/6TEJZrzQIT',b'noreviewhouse',b'Kilkenny'
2021-11-27 11:27:33+00:00,b'Like Tea! As much as we do around here? Then call in and have a chat with @outdoors_medical_herbalist at\xe2\x80\xa6 https://t.co/Q3qrs5hagG',b'noreviewhouse',b'Kilkenny'
2021-11-27 11:05:09+00:00,b'India Medical Tourism\n\nDetails: https://t.co/zINYpfuq3T https://t.co/1Dh2vfzv0H',b'PlacidWay',"b'Englewood, CO'"
2021-11-27 09:46:54+00:00,"b'Next 5-10 years every dynamics will change between every one \xe2\x80\xa6whether individual relationship, medical , between na\xe2\x80\xa6 https://t.co/dyhuZmXkyT'",b'newidia2019',"b'Sydney, New South Wales'"
2021-11-27 09:30:53+00:00,b'#MaharashtraTourism has signed an MoU with Medical Value Travel Council of India to promote #Maharashtra as a\xe2\x80\xa6 https://t.co/vCe5ZrVtqW',b'ETTravelworld',b''
2021-11-27 08:55:18+00:00,b'@karynmaughan Nobody is questioning our medical excellence.  What has been questioned is the manner of the informat\xe2\x80\xa6 https://t.co/lJE3dP1nIu',b'mark_alun',b' North West'
2021-11-27 07:54:11+00:00,"b""@ZucchiniCFC @7even10en @Gistloversblog1 Aren't the ones going for medical tourism also the ones in aso rock?""",b'IdowuWuraola2',b''
2021-11-27 07:39:16+00:00,"b'@IdowuWuraola2 @Gistloversblog1 Let China start with Aso Rock abeg, they should leave our airport for those that wa\xe2\x80\xa6 https://t.co/4Vz4pw4ehD'",b'7even10en',b''
2021-11-27 07:19:00+00:00,b'Planning your next spiritual and wellness travel in South India?\n\nChoose my services https://t.co/zWbunKGrdA https://t.co/4YY6TNA7yR',b'VitalTooth_',b'\xe0\xa4\xad\xe0\xa4\xbe\xe0\xa4\xb0\xe0\xa4\xa4|India'
2021-11-27 06:39:44+00:00,"b""@PoojaMedia We moved on from Bandits,Fulani herdsmen,COVID 19, Buhari's medical tourism,bad roads, galloping inflat\xe2\x80\xa6 https://t.co/WmbZ7CqCmq""",b'DozieLfc',"b'Corner taken quickly, Origi!!!'"
2021-11-27 06:34:16+00:00,"b""You guys don't understand how wide the tourism value chain is and that's why you think you won't be affected \xf0\x9f\xa4\xa6\xf0\x9f\x8f\xbe\xe2\x80\x8d\xe2\x99\x80\xef\xb8\x8f\xe2\x80\xa6 https://t.co/ePUEFugCT1""",b'TheSoloWandera',b'katnzama@gmail.com'
2021-11-27 04:41:48+00:00,b'Fanling Wellness Medical Tourism Blog\nhttps://t.co/YQ8pdX5OGW\n#medicaltourism #medicaltourismIndia #wellness\xe2\x80\xa6 https://t.co/7Tlj0lTa4w',b'pateluday',"b'Jabalpur, India'"
2021-11-26 20:50:06+00:00,b'@RockerMan_198 @autocorrect2_0 @MaimedMann Lol which is why people from the UK who can afford to engage in medical tourism to the US right?',b'Zack99611',"b'Alaska, USA'"
2021-11-26 20:40:43+00:00,"b'Just mutter a word or two in broken Russian, handover a cocktail of prescriptions without any rationale behind and\xe2\x80\xa6 https://t.co/xpBi8OAldI'",b'ArshiletooGorky',b''
2021-11-26 20:29:38+00:00,"b""@JeffStelling SA need tourism during their summer season but Europe don't want to be caught out like they were with\xe2\x80\xa6 https://t.co/q8JgB3zGoD""",b'jasonhume',b''
2021-11-26 19:53:18+00:00,"b'Speaker of Parliament, Hon Bagbin is traveling to Dubai for medical checkup. Accompanied by the Doctor Incharge at\xe2\x80\xa6 https://t.co/k7aibtge8j'",b'AdumKofi',"b'Central region, Ghana'"
2021-11-26 17:44:20+00:00,"b'@DaddyBrianMC @itsrananat @jockie_c @AnarchoWabbit Also, this is a myth. Medical tourism is a $60-$70B industry ann\xe2\x80\xa6 https://t.co/ZvJ5i0Kbh8'",b'BriceTimmons',"b'Memphis, Tennessee'"
2021-11-26 16:55:12+00:00,"b""Turkey's medical tourism has gained the third position around the world. Over 2,000,000 medical tourists visit Turk\xe2\x80\xa6 https://t.co/09NNMZyZJr""",b'TheAsiaGroupTr',"b'Istanbul, Turkey'"
2021-11-26 16:23:03+00:00,b'Medical Travel News: The Association of Private Hospitals Malaysia (APHM) has said it will support the Malaysia Hea\xe2\x80\xa6 https://t.co/7GngqoxEvn',b'imtjonline',b''
2021-11-26 16:19:53+00:00,"b""It's not just Italy. This trend will continue. Bad news for all the forecasters who already predicted the return of\xe2\x80\xa6 https://t.co/xDmXeAkbKJ""",b'igeva',b'chicago'
2021-11-26 15:40:37+00:00,"b'Feel privileged to have interacted with visionary leaders , who have created a history in healthcare policies of In\xe2\x80\xa6 https://t.co/McGIkxbilX'",b'SnehaBhagwat1',b'Goa india'
2021-11-26 13:58:32+00:00,"b'Our 2019 conference paper ""The impact of blockchain on medical tourism"" https://t.co/djbNWs55eW'",b'JGKeogh',b'Toronto'
2021-11-26 13:50:32+00:00,b'I propose a new lockdown-tourism industry...\n\n-Go to a riot in Rotterdam\n-Try sneak into a park without getting arr\xe2\x80\xa6 https://t.co/alLjo8MS4U',b'RaymondKHesle',"b'London, England'"
2021-11-26 13:28:18+00:00,b'@PodcastSelk @Danielmerrix The media can perpetuate negative stereotypes. They vilify low income families (benefits\xe2\x80\xa6 https://t.co/1jGY6ZRn7j',b'AFCLeytonWomen',"b'Walthamstow, London'"
2021-11-26 12:42:35+00:00,b'@ProfOsinbajo Healthcare is the biggest issue Nigeria is facing&amp;our interactive preventive system is the only effec\xe2\x80\xa6 https://t.co/jhHtQ19Gn3',b'hold1946',b''
2021-11-26 12:01:11+00:00,"b'Offering you our new medical tourism packages to Turkey ranging from laser eye surgery, fertility treatments, cosme\xe2\x80\xa6 https://t.co/zFHDxK5nTU'",b'raytravelsng',b'Nigeria '
2021-11-26 11:05:07+00:00,b'UAE Medical Tourism\n\nDetails: https://t.co/27WYpFOAqO https://t.co/xd2fLL8nPm',b'PlacidWay',"b'Englewood, CO'"
2021-11-26 10:53:09+00:00,b'Hon.@MargaretMuhanga the chief guest:-  @GovUganda has positioned UCI as a center for medical tourism in Africa &amp; w\xe2\x80\xa6 https://t.co/pSVikJEXZx',b'UgandaCancerIns',b'Kampala Uganda'
2021-11-26 10:27:37+00:00,b'Pros of medical tourism\nMedical Tourism In India\n\n-Cost-effective and affordable treatment options.\n-High-quality m\xe2\x80\xa6 https://t.co/DuBQf3kPea',b'StarMedicare',b''
2021-11-26 09:49:54+00:00,b'development at the cost of nature may effect in long run and hence initiation to nature friendly developments like\xe2\x80\xa6 https://t.co/aNh10WBJDM',b'RaviPra32147552',b''
2021-11-26 09:01:06+00:00,b'We want to position \xe2\x81\xa6@UgandaCancerIns\xe2\x81\xa9 as a medical tourism center for the region  says \xe2\x81\xa6@MargaretMuhanga\xe2\x81\xa9 https://t.co/vw7EIDyjmm',b'ddunguh',b'Kampala'
2021-11-26 07:00:32+00:00,b'Seven Iraqi travel agents and tour operators arrived in Kordestan last Tuesday to tour the province to get acquaint\xe2\x80\xa6 https://t.co/qG5Dv1S9EV',b'BritMedtravel',"b'Brighton, UK '"
2021-11-26 06:59:31+00:00,b'@JJKALE2 Why it is just a rock. Previous Elders wanted it for tourism to build their people up. Nothing to do with\xe2\x80\xa6 https://t.co/As9UDCMC58',b'rustyfox',b''
2021-11-26 06:52:34+00:00,b'Considering a Healthy Being? Consider Medical Tourism Then https://t.co/sV41Ou8KoZ',b'22views_',"b'London, England'"
2021-11-26 06:31:23+00:00,"b""@TTshivhengwa Well said this morning on eNCA. The lack of medical planning shouldn't bring SA tourism to its knees.\xe2\x80\xa6 https://t.co/lUBdAiMCbf""",b'dieantword',b''
2021-11-26 06:25:35+00:00,b'\xf0\x9f\x93\xa3 Thailand for Cannabis Tourism to Boost Up the Economy \xf0\x9f\x93\xa3 \n\nThe #medicalcannabis project in Nakhon Phanom starts on\xe2\x80\xa6 https://t.co/UinChLy9GJ',b'MedikhanaX',b'Singapore/Hong Kong/Thailand'
2021-11-26 04:00:01+00:00,"b'Get a free consultation with one of our Patient Coordinators, they\xe2\x80\x99ll help explain the Medical Tourism Process and\xe2\x80\xa6 https://t.co/4n9u22ZlXp'",b'ready4achange',"b'San Diego, California'"
2021-11-26 03:44:43+00:00,b'@anniefreeze @hasanthehun Turkey is a great place for most medical tourism apparently',b'wiiMoonArt',b''
2021-11-26 03:40:38+00:00,b'Shangri-La Group offers free COVID-19 medical coverage for intl. guests\n\n#DailyFT #SL #LK #SriLanka #News #LKA\n\nhttps://t.co/8Y8LkdUFeS',b'FT_SriLanka',b'Sri Lanka'
