2021-12-03 09:35:15+00:00,b'When I renewed I was very clear on the ask ...and now its for me to run around your employees to get a simple booki\xe2\x80\xa6 https://t.co/gzPaeQc3h5',b'onsker',b'Singpore / Pune /Goa/mumbai'
,,,
2021-12-03 09:32:37+00:00,b'In the webinar the presenter/resource person highlights the different and very popular craft traditions of Rajastha\xe2\x80\xa6 https://t.co/H7CqsKXc5J',b'tourismgoi',"b'New Delhi, India'"
,,,
2021-12-03 09:32:35+00:00,b'Crafts forms the basis of our culture and thus present themselves as a great Experiential Travel product.\nPlease re\xe2\x80\xa6 https://t.co/8SqzQXiIv3',b'tourismgoi',"b'New Delhi, India'"
,,,
2021-12-03 09:17:43+00:00,b'@soumitad @airindiain @YatraOfficial @RNTata2000 @JM_Scindia @tourismgoi @kishanreddybjp @KishanReddyOfc Also avoid\xe2\x80\xa6 https://t.co/jd2ziER8SQ',b'neal91mudaliar',b''
,,,
2021-12-03 09:09:05+00:00,b'On the way to Zero Point at North #Sikkim \xf0\x9f\x87\xae\xf0\x9f\x87\xb3\n\n#incredibleindia #sikkimtourism #travelgangtok \n\n@tourismgoi\xe2\x80\xa6 https://t.co/eR1zQPpNkH',b'_travelgangtok',"b'Gangtok, India'"
,,,
2021-12-03 08:56:02+00:00,b'@kishanreddybjp @narendramodi @PMOIndia @tourismgoi @PIBTour @PIB_India @JandKTourism Thats amazing',b'Bhas_Lastclues',b'Delhi'
,,,
2021-12-03 08:53:24+00:00,"b'@IndiatourismH @tourismgoi @KishanReddyOfc @RupPannuBrar @indiatourism_ch @IndiaTourismBa2 Can anyone visit it, or\xe2\x80\xa6 https://t.co/dgwSNUS0Ul'",b'sainathgorige',"b'Hyderabad, India'"
,,,
2021-12-03 08:44:11+00:00,b'Delighted to be a part of #AllIndiaInfluencersMeet202 . Exploring vibrant Gujarat is a dream come true...\xe2\x80\xa6 https://t.co/gHUJs1QW6D',b'coolpams',b'India'
,,,
2021-12-03 08:36:19+00:00,b'@NorthernComd_IA @adgpi @firefurycorps @Tri_Service @MirYanaSY @AdityaRajKaul @tourismgoi @HQ_DG_NCC @proudhampur\xe2\x80\xa6 https://t.co/0AHLAK1oos',b'ashankarlsp',b'India'
,,,
2021-12-03 08:28:30+00:00,b'@teekhi_mircheee @rannutsavtour @GujaratTourism @tourismgoi @incredibleindia Happy birthday Doc \xf0\x9f\x8e\x82\xf0\x9f\xa5\xb3',b'theKumarAkshay',"b'New Delhi, India'"
,,,
2021-12-03 08:23:24+00:00,b'It is related to accessible tourism as accessibility is a key area in sustainable tourism development and recommend\xe2\x80\xa6 https://t.co/toI2Vd9X7S',b'tourismgoi',"b'New Delhi, India'"
,,,
2021-12-03 08:23:24+00:00,"b'On the 3rd of December 2021 to promote an understanding of disability issues and mobilize support for the dignity,\xe2\x80\xa6 https://t.co/Ck2QmpkKJl'",b'tourismgoi',"b'New Delhi, India'"
,,,
2021-12-03 08:23:22+00:00,b'In continuation of celebration of Azadi Ka Amrit Mahotsav India tourism (Northeast) is going to organize a program\xe2\x80\xa6 https://t.co/mzynSUP4ju',b'tourismgoi',"b'New Delhi, India'"
,,,
2021-12-03 08:19:05+00:00,"b'Visit Indiatourism Hyderabad counter in IITM , at Hitex Exhibition Centre. Collect brochures, bookmarks, Etokoppaka\xe2\x80\xa6 https://t.co/fuMR1aHdg3'",b'IndiatourismH',b'Hyderabad'
,,,
2021-12-03 08:17:49+00:00,b'@kiranshaw @tourismgoi @uptourismgov Looks like she has been signed up for UP election propaganda. Sad to see her t\xe2\x80\xa6 https://t.co/hKcY8Qcpom',b'r_ravikumar',b'z'
,,,
2021-12-03 08:17:12+00:00,b'@kishanreddybjp @narendramodi @PMOIndia @tourismgoi @PIBTour @PIB_India @JandKTourism Prime minister Narendra Modij\xe2\x80\xa6 https://t.co/bmYy2pG06n',b'lakshmanapras16',"b'Tamilnadu,India'"
,,,
2021-12-03 08:03:00+00:00,"b'With 1.27 lakh tourist arrivals recorded in the Valley in the month of November alone, Tourist inflow in Jammu &amp; Ka\xe2\x80\xa6 https://t.co/WVL0XAf2Ar'",b'PBNS_India',b''
,,,
2021-12-03 07:59:37+00:00,"b'@Chhotewale Thank you, Mamm! For taking it up! @arvindmahendra2 \n@myogioffice @JM_Scindia @UPGovt @IRCTCofficial @tourismgoi @kiranshaw'",b'sriloner1968',b'Bangalore'
,,,
2021-12-03 07:59:30+00:00,b'@ASIGoI @MinOfCultureGoI @tourismgoi @kishanreddybjp @RupPannuBrar @arvsingh01 \nTourism boost by our ministry and o\xe2\x80\xa6 https://t.co/eoXDS1nasZ',b'rajtaxak',"b'New Delhi, India'"
,,,
2021-12-03 07:59:01+00:00,b'@DrTamilisaiGuv @PMOIndia @HMOIndia @PIB_India @PTI_News @ani_digital @ddkpondy @DDPodhigaiTV @airnews_Chennai\xe2\x80\xa6 https://t.co/mfEa8uXsUb',b'lakshmanapras16',"b'Tamilnadu,India'"
,,,
2021-12-03 07:52:42+00:00,b'PMOIndia@JPNadda@Incredibleindia@MinOfCultureGOI@tourismGoi@BJP4India@RSSorg@ASIGoi@kishanreddy#Even the Ticket cou\xe2\x80\xa6 https://t.co/fOaymcFxgt',b'AnitaBembey',b''
,,,
2021-12-03 07:48:32+00:00,"b'@PolashBorah14 @CmertiCsb @csbmot @TexMinIndia @tourismgoi Fluctuating trend. Sometimes down, sometime up. It will continue.'",b'DrMridulSarmah',"b'Jorhat, India'"
,,,
2021-12-03 07:37:25+00:00,b'@sonalaa @tourismgoi @PMOIndia @kishanreddybjp @KishanReddyOfc @shripadynaik @AjaybhattBJP4UK @FinMinIndia @PIBTour\xe2\x80\xa6 https://t.co/PzPMHZkMTK',b'I_Walk_Alone_24',"b'Kolkata, India'"
,,,
2021-12-03 07:33:07+00:00,b'@tourismgoi @PMOIndia @kishanreddybjp @KishanReddyOfc @shripadynaik @AjaybhattBJP4UK @FinMinIndia @PIBTour\xe2\x80\xa6 https://t.co/kfve5VVupN',b'I_Walk_Alone_24',"b'Kolkata, India'"
,,,
2021-12-03 07:27:26+00:00,b'PMOIndia@JPNadda@Incredibleindia@MinOfCultureGOI@tourismGoi@BJP4India@RSSorg@ASIGoi@kishanreddy#So strange!Officail\xe2\x80\xa6 https://t.co/9wAV59oaJW',b'AnitaBembey',b''
,,,
2021-12-03 07:21:51+00:00,"b'@kishanreddybjp @KishanReddyOfc @narendramodi @tourismgoi @PMOIndia @PIBTour @PIB_India @PIBHindi Sir, REGIONAL LEV\xe2\x80\xa6 https://t.co/YzDWifUvtj'",b'guidearun',"b'Cochin, India'"
,,,
2021-12-03 06:48:30+00:00,b'#InvestInIndia\n\n#NewIndia\xe2\x80\x99s travel &amp; tourism segment is projected to account for ~53 Million jobs by 2029!\n\nKnow mo\xe2\x80\xa6 https://t.co/reCUvMFg4W',b'investindia',b''
,,,
2021-12-03 06:42:41+00:00,b'@NorthernComd_IA @gijojoseph1982 @adgpi @firefurycorps @Tri_Service @MirYanaSY @AdityaRajKaul @tourismgoi\xe2\x80\xa6 https://t.co/vMfQMDGJTf',b'AranavL',b''
,,,
2021-12-03 06:36:11+00:00,b'@NorthernComd_IA @adgpi @firefurycorps @Tri_Service @MirYanaSY @AdityaRajKaul @tourismgoi @HQ_DG_NCC @proudhampur\xe2\x80\xa6 https://t.co/BjvkjWpHmX',b'Altruist1708',b''
,,,
2021-12-03 06:33:25+00:00,b'@TempleTrails @pallavict @Ramesh57574373 @punarutthana @sowmiyasid @_ankahi @SriRamya21 @ramapriya1989 @tourismgoi\xe2\x80\xa6 https://t.co/CGGS4iz9Hz',b'SoniaGurnani19',b'New Delhi / USA(in past )'
,,,
2021-12-03 06:08:33+00:00,b'@RSB_85 @VisitJharkhand @incredibleindia @tourismgoi @prdjharkhand Wow really nice',b'2009Rohit0102',"b'Dumka, India'"
,,,
2021-12-03 06:05:14+00:00,"b""@GujaratTourism @tourismgoi 10x for Gujarat's nature..""",b'kishanhadgala',b''
,,,
2021-12-03 06:00:56+00:00,"b'The Mart for 2021 was conducted in Kohima, Nagaland by Ministry of Tourism to highlight the tourism potential of th\xe2\x80\xa6 https://t.co/0Evupj5jHN'",b'tourismgoi',"b'New Delhi, India'"
,,,
2021-12-03 06:00:55+00:00,"b""Watch the brief coverage of 'International Tourism Mart for the North East Region' by DD News at:\xe2\x80\xa6 https://t.co/MgCivt5tLb""",b'tourismgoi',"b'New Delhi, India'"
,,,
2021-12-03 05:57:16+00:00,"b'Shri Laisam Simai, MLA and Advisor - Tourism, Arunachal Pradesh, said, ""We are thinking in the direction of promoti\xe2\x80\xa6 https://t.co/bBjSKRYbMb'",b'tourismgoi',"b'New Delhi, India'"
,,,
2021-12-03 05:54:48+00:00,b'@teekhi_mircheee @rannutsavtour @GujaratTourism @tourismgoi @incredibleindia WOW.\nHave a HAPPY BIRTHDAY.\nMay all yo\xe2\x80\xa6 https://t.co/EKduPqCL52',b'AKforPeace',b'India'
,,,
2021-12-03 05:49:15+00:00,"b""Let's see what your eyes tell you. \nLet's #Caption the photograph. \n\n#CanYouReadMyMind\n#WeCanWeCare\n\nPic Courtesy -\xe2\x80\xa6 https://t.co/xnKaifFE3P""",b'NasreemKouser',b''
,,,
2021-12-03 05:40:55+00:00,b'Nagaland to hand over IHM Dimapur\xe2\x80\x99s management responsibilities to TPCI : @ETTravelworld \n\nRead the full article he\xe2\x80\xa6 https://t.co/uZd14yyvSS',b'tourismgoi',"b'New Delhi, India'"
,,,
2021-12-03 05:31:40+00:00,"b""#UNWTO conferred the title of #BestTourismVillage from India to #Pochampally. It's a matter of pride and honour to\xe2\x80\xa6 https://t.co/md1jPmwG4i""",b'tstdcofficial',b'Hyderabad'
,,,
2021-12-03 05:28:40+00:00,b'@NorthernComd_IA @adgpi @firefurycorps @Tri_Service @MirYanaSY @AdityaRajKaul @tourismgoi @HQ_DG_NCC @proudhampur\xe2\x80\xa6 https://t.co/3m0qrET47L',b'rajajunaid617',b'Jammu And Kashmir'
,,,
2021-12-03 05:19:30+00:00,b'@TempleTrails @Indigen_Apsara @pallavict @Ramesh57574373 @punarutthana @SoniaGurnani19 @sowmiyasid @_ankahi\xe2\x80\xa6 https://t.co/kc6ytfY1OR',b'ashesh065',"b'Rajendra Nagar, India'"
,,,
2021-12-03 05:17:09+00:00,"b'@happyeasygo is a real scamster! More than 1 year passed and still didnot receive my refund! multiple mails, twits\xe2\x80\xa6 https://t.co/2GTM24npWp'",b'antim_bhowal',"b'Noida, India'"
,,,
2021-12-03 05:09:43+00:00,b'@RSB_85 @VisitJharkhand @incredibleindia @tourismgoi @prdjharkhand Is it waterfall? Looks like a water stream.',b'preetansh2000',b'Noida'
,,,
2021-12-03 05:05:24+00:00,"b'Bought an @airindiain ticket from @YatraOfficial. Now flight canceled, but both of them are not helping us to fly.\xe2\x80\xa6 https://t.co/RvTkMC9sDD'",b'soumitad',b''
,,,
2021-12-03 04:58:15+00:00,b'@IndiaToday @NewsX @aajtak @ZeeNews @ndtvindia @SonyTV @IndiaNewsNetwk @CNNnews18 @ABPNews\nImportant for\xe2\x80\xa6 https://t.co/5shWzADFTW',b'AAPVora',"b'Mumbai - Maharashtra, BHARAT.'"
,,,
2021-12-03 04:55:15+00:00,b'@TempleTrails @pallavict @Ramesh57574373 @punarutthana @SoniaGurnani19 @sowmiyasid @SriRamya21 @ramapriya1989\xe2\x80\xa6 https://t.co/ggKLQXwm0H',b'_ankahi',b'Vasudhev Kutumbkum'
,,,
2021-12-03 04:53:23+00:00,"b'As per the scheme, the #government guaranteed to provide personal loans &amp; working capital #loans from banks for app\xe2\x80\xa6 https://t.co/SXqo02J9RZ'",b'ETTravelworld',b''
,,,
2021-12-03 04:50:04+00:00,b'\xe2\x9c\x85 #knowledgeispower \n@PMOIndia @narendramodi @CMOMaharashtra\n@MahaEnvCC\n@AUThackeray\n@mybmc\n@KishoriPednekar\xe2\x80\xa6 https://t.co/PV8o5Oz4Cj',b'panchamahabhute',"b'Mumbai, India'"
,,,
2021-12-03 04:48:54+00:00,b'Celebrating my birthday at @rannutsavtour \n@GujaratTourism @tourismgoi @incredibleindia https://t.co/anHW5wpTY0',b'teekhi_mircheee',b'india'
,,,
2021-12-03 04:46:15+00:00,b'@Indiainbhutan @MEAIndia @IndianDiplomacy @iccr_hq @tourismgoi @incredibleindia @PIB_India @DDNewslive @PBNS_India\xe2\x80\xa6 https://t.co/0NL3SkwLU6',b'axomnews421',"b'Assam, India'"
,,,
2021-12-03 04:36:10+00:00,b'Concluding remarks by Ms. Thinley Yangchen Dorji at the Final Round of the #AmritMahotsav Quiz on #Buddhism held on\xe2\x80\xa6 https://t.co/5nNsCD5mVZ',b'Indiainbhutan',"b'Thimphu, Bhutan'"
,,,
2021-12-03 04:33:50+00:00,b'@RSB_85 @VisitJharkhand @incredibleindia @tourismgoi @prdjharkhand Wowwww Mam awasome Jharkhand \xf0\x9f\x91\x8f\xf0\x9f\x91\x8f. Must want to visit',b'sajjan96',b'Dhanbad '
,,,
2021-12-03 04:19:56+00:00,"b'DYK-\nThe strawberries from  #Mahabaleshwar, a beautiful hill station in the Sayadhari ranges of Maharashtra are #GI\xe2\x80\xa6 https://t.co/VeSCataMat'",b'IndianEmbassyTR',"b'Ankara, T\xc3\xbcrkiye'"
,,,
2021-12-03 04:19:36+00:00,"b'#Photogram | As winter sets in, Tawang is in its all glory! \n\n\xf0\x9f\x93\x8d Arunachal Pradesh \n\n@ArunachalTsm @tourismgoi\xe2\x80\xa6 https://t.co/d1SmFKUy0H'",b'NortheastToday',"b'Guwahati / Tawang, India'"
,,,
2021-12-03 04:16:54+00:00,b'#AllIndiaInfluencersMeet2021\nIt is a grateful and momentous opportunity to be a part of this Meet and FAM trip unde\xe2\x80\xa6 https://t.co/EPcfYktJrN',b'anzaarnabi',b'India'
,,,
2021-12-03 04:12:31+00:00,b'@RSB_85 @VisitJharkhand @incredibleindia @tourismgoi @prdjharkhand Awesome',b'AmitPra86065974',b''
,,,
2021-12-03 04:08:57+00:00,"b'@RSB_85 @MgnregaJ @VisitJharkhand @incredibleindia @tourismgoi @prdjharkhand Excellent Great, so U set office this\xe2\x80\xa6 https://t.co/F1ZfBPbx6K'",b'vedaravishanga1',b''
,,,
2021-12-03 04:07:55+00:00,b'@TempleTrails @Ramesh57574373 @punarutthana @SoniaGurnani19 @sowmiyasid @_ankahi @SriRamya21 @ramapriya1989\xe2\x80\xa6 https://t.co/Bi0lAW6It3',b'pallavict',"b'Mumbai, India'"
,,,
2021-12-03 04:03:09+00:00,b'@RSB_85 @VisitJharkhand @incredibleindia @tourismgoi @prdjharkhand Potential for\nBoth mental peace and State level\xe2\x80\xa6 https://t.co/RBtWsEFEP7',b'dewmagnet',"b'Jharkhand, India'"
,,,
2021-12-03 03:53:47+00:00,b'@rockeyrandeepjk @JandKTourism @nitishwarKumar @dr_piyushsingla @DrGnitoo @ImRaina @darpanali @tourismgoi\xe2\x80\xa6 https://t.co/M58rQjumTl',b'Tanveer79551076',b'Ganderbal'
,,,
2021-12-03 03:52:57+00:00,b'@VisitUdupi @MinOfCultureGoI @incredibleindia @tourismgoi @KarnatakaWorld @shripadynaik @kishanreddybjp\xe2\x80\xa6 https://t.co/YtuapcQzLL',b'NitheshRai5',"b'Dubai, United Arab Emirates'"
,,,
2021-12-03 03:50:26+00:00,b'#Verinag \n#Anantnag \n#Kashmir \n\nGreat @JandKTourism  for \nAmazing #Verinag Festival to be held on 4th December 2021\xe2\x80\xa6 https://t.co/7jfhFUDftn',b'rockeyrandeepjk',"b'Jammu And Kashmir,New~Delhi'"
,,,
2021-12-03 03:46:05+00:00,b'@RSB_85 @VisitJharkhand @incredibleindia @tourismgoi @prdjharkhand I went there in 1993',b'aae1cf6ecd6b44a',"b'Gurgaon, India'"
,,,
2021-12-03 03:43:39+00:00,b'@RSB_85 @VisitJharkhand @incredibleindia @tourismgoi @prdjharkhand Mam you could be one of the best travel vlogger.\xe2\x80\xa6 https://t.co/tWd5KplgNN',b'warrior_saint29',b'India( That is Bharat)'
,,,
2021-12-03 03:40:16+00:00,"b'Hirni falls Chakradharpur, West Singbhum.. Spend some time at such a scenic, serene place &amp; experience a healing ef\xe2\x80\xa6 https://t.co/IMYpYg2xcm'",b'RSB_85',"b'Ranchi, Jharkhand'"
,,,
2021-12-03 03:38:32+00:00,b'@NorthernComd_IA @adgpi @firefurycorps @Tri_Service @MirYanaSY @AdityaRajKaul @tourismgoi @HQ_DG_NCC @proudhampur\xe2\x80\xa6 https://t.co/E4StsKXtDZ',b'Balu11611047',b''
,,,
2021-12-03 03:35:57+00:00,b'@NorthernComd_IA @adgpi @firefurycorps @Tri_Service @MirYanaSY @AdityaRajKaul @tourismgoi @HQ_DG_NCC @proudhampur\xe2\x80\xa6 https://t.co/7R9oJksHue',b'gaphel_tsering',"b'Leh, Union Territory of Ladakh'"
,,,
2021-12-03 03:31:26+00:00,b'@NorthernComd_IA @adgpi @firefurycorps @Tri_Service @MirYanaSY @AdityaRajKaul @tourismgoi @HQ_DG_NCC @proudhampur\xe2\x80\xa6 https://t.co/ao8VEROUy9',b'Mopa1770',b''
,,,
2021-12-03 03:28:56+00:00,b'Visit Vrindavan with a Spiritual Guide.\n#VRINDAVANGUIDE\n@tourismgoi @VrindavanGuide https://t.co/OLtvxnbCBo',b'VrindavanGuide',b''
,,,
2021-12-03 03:26:54+00:00,"b'Honorable President,request you not to hurt the hearts of Shivaji Maharaj devotees by landing a helicopter on Durga\xe2\x80\xa6 https://t.co/v1gXSZZkx8'",b'Commanm53133358',b''
,,,
2021-12-03 03:26:24+00:00,b'Raj sings for Dashing Dev Saheb. Tonight at 0700 pm onwards my Facebook Live @MIB_India @rlgsindia @singer_shaan\xe2\x80\xa6 https://t.co/ZNngJmS6sZ',b'Gjaiyendra',"b'Uttam Nagar, New Delhi'"
,,,
2021-12-03 03:23:50+00:00,"b'#AzadiKaAmritMahotsav \n3rd Dec @OfficialStarAir\nis Operating Ahmedabad,Surat &amp; Mumbai.\nIXG-BOM, Cancelled today.\xe2\x80\xa6 https://t.co/a2VhKA8ttV'",b'aaiblgairport',b'Belagavi'
,,,
2021-12-03 03:09:18+00:00,b'First National Bank to help grow Ghana\xe2\x80\x99s creative arts industry with first art exhibition https://t.co/uW7892ZNd4\xe2\x80\xa6 https://t.co/FbV5ZqkZ84',b'norvan986',"b'Accra, Ghana'"
,,,
2021-12-03 02:51:04+00:00,b'#BuildingNewIndia\n\n#NationalInfrastructurePipeline \xe2\x80\x94 building world-class infrastructure to boost tourism in Mizora\xe2\x80\xa6 https://t.co/tnHu9eYOmV',b'investindia',b''
,,,
2021-12-03 02:47:24+00:00,b'@tourismgoi @FinMinIndia @PMOIndia @kishanreddybjp @KishanReddyOfc @shripadynaik @AjaybhattBJP4UK @PIBTour\xe2\x80\xa6 https://t.co/a6toDZYzWt',b'Chauhan022Tarun',b'Gurugram'
,,,
2021-12-03 02:31:31+00:00,"b'@AneeshaBedi @Uber_Support @Uber_India This is not a problem restricted to Delhi,I hv very recently faced it in Ahm\xe2\x80\xa6 https://t.co/eH9qmnQGDa'",b'AshokMittra',"b'Gurgaon, India'"
,,,
2021-12-03 02:21:18+00:00,b'@TagitAbraham @MyGovArunachal @mygovindia @IndiaSports @ArunachalTsm @tourismgoi @ArunachalCMO @PMOIndia Beautiful',b'Iamjyothish',b'India'
,,,
2021-12-03 02:06:44+00:00,b'@VarierSangitha @SriRamya21 @pallavict @Ramesh57574373 @SoniaGurnani19 @sowmiyasid @punarutthana @ramapriya1989\xe2\x80\xa6 https://t.co/tzcr1FzFJ7',b'venkatams',"b'Tamil Nadu, India'"
,,,
2021-12-03 01:36:34+00:00,b'Here is a highlight of some of the pavilions at Kisama. Take a walk around the Kisama Heritage Village and discover\xe2\x80\xa6 https://t.co/yV2X1vMM0N',b'PIBKohima',"b'Kohima, India'"
,,,
2021-12-03 01:12:53+00:00,b'@VisitUdupi @MinOfCultureGoI @incredibleindia @tourismgoi @KarnatakaWorld @shripadynaik @kishanreddybjp\xe2\x80\xa6 https://t.co/3AJs4k25Km',b'bangalore77',"b'Bengaluru South, India'"
,,,
2021-12-03 00:36:04+00:00,b'@CNAnnaduraiMP @mkstalin @tourismgoi @arivalayam Good morning',b'Perumal83634522',b'Thokkiyam post kandhili via '
,,,
2021-12-03 00:20:09+00:00,b'Beauty of Ane Pipsorang Mountain \xf0\x9f\x8f\x94\xef\xb8\x8f views #SayNoToDrugs @MyGovArunachal @mygovindia @IndiaSports @ArunachalTsm\xe2\x80\xa6 https://t.co/NLPJ0k5HOg',b'TagitAbraham',"b'Itanagar, India'"
,,,
2021-12-02 23:05:12+00:00,b'@hunnys85 @EconomicTimes @MoHFW_INDIA @ndtv @tourismgoi speak to your family/local doctor. Twitter is not a Medical centre mate. Good luck.',b'Twootter5',b'Jupiter'
,,,
2021-12-02 22:54:47+00:00,b'@ANI @tourismgoi @kvicindia @NITIAayog @PMOIndia - in the next 2 years J&amp;K should be seen as State with success sto\xe2\x80\xa6 https://t.co/9PNYzHKjNT',b'TransformerInd2',b''
,,,
2021-12-02 22:49:54+00:00,b'@ANI @tourismgoi - take more efforts &amp; promote J&amp;K tourism so that locals get more busier with jobs and businesses.\xe2\x80\xa6 https://t.co/5Iomm71Jbq',b'TransformerInd2',b''
,,,
2021-12-02 22:11:08+00:00,b'@sudarsansand @odisha_tourism @incredibleindia @tourismgoi @MinOfCultureGoI @CMO_Odisha @PIB_India @kishanreddybjp\xe2\x80\xa6 https://t.co/z1VrwkvRtB',b'biswal70',"b'Raipur, India'"
,,,
2021-12-02 20:41:55+00:00,b'@VisitUdupi @incredibleindia @KarnatakaWorld @tourismgoi @shripadynaik @kishanreddybjp @ShobhaBJP @nalinkateel\xe2\x80\xa6 https://t.co/gFZ56sB6Z5',b'Azad_Bharat1947',b''
,,,
2021-12-02 20:23:48+00:00,"b""#DAY2Highlights\n\nA picture with a sumi couple along with Hon'ble MLA &amp; Advisor, Arunachal Pradesh, Shri.\xe2\x80\xa6 https://t.co/zZIJYLbSwc""",b'Hkhehoviy',b'Zunheboto'
,,,
2021-12-02 20:22:55+00:00,b'Glimpses of #HornbillFestival2021. Follow on: https://t.co/qISuBmQQ5l\n\n@KirenRijiju @PIBDoNER @HornbillFest\xe2\x80\xa6 https://t.co/aU280WcuZz',b'IndiainSlovenia',"b'Ljubljana, Slovenia'"
,,,
2021-12-02 19:59:26+00:00,b'@SangmaConrad @bruisedpassport @narendramodi @kishanreddybjp @tourismgoi Amazing place',b'akikur1992',"b'Sylhet, Bangladesh'"
,,,
2021-12-02 19:54:37+00:00,b'PMOIndia@JPNadda@Incredibleindia@MinOfCultureGOI@tourismGoi@BJP4India@RSSorg@ASIGoi@kishanreddy#India has lost 6 la\xe2\x80\xa6 https://t.co/MnAqWa1rMH',b'AnitaBembey',b''
,,,
2021-12-02 19:52:42+00:00,b'@ARIFQUR10278306 @OfficialRajouri @ChowdharySaima @PanjalPeer @JandKTourism @tourismgoi Beautiful city in between beautiful mountains.',b'tabraz3981',b''
,,,
2021-12-02 19:39:07+00:00,b'PMOIndia@JPNadda@Incredibleindia@MinOfCultureGOI@tourismGoi@BJP4India@RSSorg@ASIGoi@kishanreddy#All corrupt N Dorma\xe2\x80\xa6 https://t.co/azibkdabqy',b'AnitaBembey',b''
,,,
2021-12-02 19:34:39+00:00,b'PMOIndia@JPNadda@Incredibleindia@MinOfCultureGOI@tourismGoi@BJP4India@RSSorg@ASIGoi@kishanreddy#We Govt trai ned N\xe2\x80\xa6 https://t.co/gHqGD3mtLR',b'AnitaBembey',b''
,,,
2021-12-02 19:13:02+00:00,b'@NorthernComd_IA @adgpi @firefurycorps @Tri_Service @MirYanaSY @AdityaRajKaul @tourismgoi @HQ_DG_NCC @proudhampur\xe2\x80\xa6 https://t.co/PKGolYQbV4',b'Del_Boy1066',b''
,,,
2021-12-02 19:11:48+00:00,b'@tourismgoi @nepaltourismb @PM_nepal_ Atharv went for tour to Nepal and see how happy my baby is...kids are amazing\xe2\x80\xa6 https://t.co/kOqXNgRjvt',b'Swetadubey11',"b'New Delhi, India'"
,,,
2021-12-02 18:45:36+00:00,b'@hunnys85 @ndtv @tourismgoi @MoHFW_INDIA they dont care..still people are coming all over world to banglore..they are taking virus lightly',b'punith1993',b''
,,,
2021-12-02 18:34:29+00:00,b'@VarierSangitha @SriRamya21 @sowmiyasid @SoniaGurnani19 @pallavict @punarutthana @ramapriya1989 @Ramesh57574373\xe2\x80\xa6 https://t.co/phahFoK2Gt',b'_ankahi',b'Vasudhev Kutumbkum'
,,,
2021-12-02 18:08:13+00:00,b'@IndiatourismM @GujaratTourism @tourismgoi @incredibleindia @kishanreddybjp @shripadynaik @AjaybhattBJP4UK @hareets\xe2\x80\xa6 https://t.co/qOF2CbYZJY',b'SayyedJenifer',"b'New Delhi, India \xf0\x9f\x87\xae\xf0\x9f\x87\xb3'"
,,,
2021-12-02 18:07:36+00:00,b'@IndiatourismM @GujaratTourism @tourismgoi @incredibleindia @kishanreddybjp @shripadynaik @AjaybhattBJP4UK @hareets\xe2\x80\xa6 https://t.co/Rjui9G8HgY',b'SayyedJenifer',"b'New Delhi, India \xf0\x9f\x87\xae\xf0\x9f\x87\xb3'"
,,,
2021-12-02 18:05:33+00:00,b'@pallavict @VarierSangitha @SriRamya21 @sowmiyasid @SoniaGurnani19 @punarutthana @ramapriya1989 @_ankahi\xe2\x80\xa6 https://t.co/hi3c5PfxcA',b'Nipwrld',b'\xe0\xa4\x97\xe0\xa5\x81\xe0\xa4\xb2\xe0\xa4\xbe\xe0\xa4\xac\xe0\xa5\x80 \xe0\xa4\xa8\xe0\xa4\x97\xe0\xa4\xb0\xe0\xa5\x80\xf0\x9f\x92\x95\xf0\x9f\x92\x95'
,,,
2021-12-02 18:04:37+00:00,b'@Nipwrld @VarierSangitha @SriRamya21 @sowmiyasid @SoniaGurnani19 @punarutthana @ramapriya1989 @_ankahi\xe2\x80\xa6 https://t.co/6BIVIPVH1C',b'pallavict',"b'Mumbai, India'"
,,,
2021-12-02 17:58:52+00:00,b'@tapasyaraghav @tourismgoi @IndiatourismM Welcome \xf0\x9f\xa4\x97',b'agwanarbaaz99',"b'Dadra And Nagar Haveli, India'"
,,,
2021-12-02 17:57:11+00:00,"b""@SateynD\n\nAn inspiration to many traveller. It doesn't matter anything when you have a dream, a passion, a zeal to\xe2\x80\xa6 https://t.co/wUKqzuxWjk""",b'bohemian_india',b'India'
,,,
2021-12-02 17:55:52+00:00,b'@tourismgoi @PMOIndia @kishanreddybjp @KishanReddyOfc @shripadynaik @AjaybhattBJP4UK @FinMinIndia @PIBTour\xe2\x80\xa6 https://t.co/UQs9ATllev',b'sonalaa',b'In my head'
,,,
2021-12-02 17:53:18+00:00,b'@VarierSangitha @SriRamya21 @sowmiyasid @SoniaGurnani19 @pallavict @punarutthana @ramapriya1989 @_ankahi\xe2\x80\xa6 https://t.co/gMMtunpfiB',b'Nipwrld',b'\xe0\xa4\x97\xe0\xa5\x81\xe0\xa4\xb2\xe0\xa4\xbe\xe0\xa4\xac\xe0\xa5\x80 \xe0\xa4\xa8\xe0\xa4\x97\xe0\xa4\xb0\xe0\xa5\x80\xf0\x9f\x92\x95\xf0\x9f\x92\x95'
,,,
2021-12-02 17:35:12+00:00,b'@NorthernComd_IA @adgpi @firefurycorps @Tri_Service @MirYanaSY @AdityaRajKaul @tourismgoi @HQ_DG_NCC @proudhampur\xe2\x80\xa6 https://t.co/ErAQtqw4m5',b'0j0ysingh',b''
,,,
2021-12-02 17:30:08+00:00,"b'I lost my Mobile and Money in Bhubaneswar Railway Station, Someone help me to find it out. @EastCoastRail\xe2\x80\xa6 https://t.co/YSlZl9Caxj'",b'santhoshpotnur5',"b'Hyderabad, India'"
,,,
2021-12-02 17:21:17+00:00,b'The Ministry of Tourism requests all the registered tourist guides and operators to come forth and avail the benefi\xe2\x80\xa6 https://t.co/axsW84ZXAq',b'tourismgoi',"b'New Delhi, India'"
,,,
2021-12-02 17:01:17+00:00,b'@NorthernComd_IA @adgpi @firefurycorps @Tri_Service @MirYanaSY @AdityaRajKaul @tourismgoi @HQ_DG_NCC @proudhampur\xe2\x80\xa6 https://t.co/yue3Jkgum7',b'kstanzinladakh',"b'Leh, Union Territory of Ladakh'"
,,,
2021-12-02 16:54:02+00:00,"b'@ndtv @ShabirMadh Shall we cancel domestic travel plans as kids are still not vaccinated, kindly guide #Omicron\xe2\x80\xa6 https://t.co/Xuopa1dqiO'",b'hunnys85',b''
,,,
2021-12-02 16:51:48+00:00,"b'@EconomicTimes Shall we cancel domestic travel plans as kids are still not vaccinated, kindly guide #OmicronVarient\xe2\x80\xa6 https://t.co/SAwJm7jShz'",b'hunnys85',b''
,,,
2021-12-02 16:48:52+00:00,"b'@ndtv @devisridhar Shall we cancel domestic travel plans as kids are still not vaccinated, kindly guide\xe2\x80\xa6 https://t.co/C21d7Uf20u'",b'hunnys85',b''
,,,
2021-12-02 16:44:56+00:00,b'@ndtv Any plans for domestic travel bans as kids are still not vaccinated in India @tourismgoi @MoHFW_INDIA',b'hunnys85',b''
,,,
2021-12-02 16:42:38+00:00,"b""On the  way to (URI) .. can't this place deserve to be on tourism map..\n@harvinder_ias @DrGnitoo @zeeskyw\xe2\x80\xa6 https://t.co/Zxtpe8iXAK""",b'Bhatmubeen1',"b'Baramula, Jammu And Kashmir, I'"
,,,
2021-12-02 16:38:28+00:00,b'A big shout out by Mr. Ollie Hemstock from the #UnitedKingdom for the #KingoftheHillsSeries. \nFinal Run on the 6th\xe2\x80\xa6 https://t.co/Nf7EoUjR5b',b'nagalandmtb',b'Nagaland'
,,,
2021-12-02 16:32:26+00:00,"b'@kishanreddybjp @narendramodi @tourismgoi @PMOIndia @PIBTour @PIBHindi Prime minister Narendra Modiji always\nsuper,\xe2\x80\xa6 https://t.co/renuw7AmMK'",b'lakshmanapras16',"b'Tamilnadu,India'"
,,,
2021-12-02 16:31:27+00:00,b'@kishanreddybjp @narendramodi @tourismgoi @PMOIndia @PIBTour @PIBHindi Good going Keep it up\xf0\x9f\x8c\xb7\xf0\x9f\x99\x8f\xf0\x9f\x91\x8d\xf0\x9f\x91\x8b',b'AdvocateRaaja',b''
,,,
2021-12-02 16:25:20+00:00,b'@CNAnnaduraiMP @mkstalin @tourismgoi @arivalayam Good initiative....',b'BSelv',"b'Tamil Nadu, India'"
,,,
2021-12-02 16:19:28+00:00,"b""@tourismgoi @PMOIndia @MoCA_India what are we waiting for the third wave to have effect? Why don't we close borders\xe2\x80\xa6 https://t.co/4DOOaZz0jW""",b'shyamantikaS',b'Gurgaon '
,,,
2021-12-02 16:18:03+00:00,b'Thank you @tourismgoi @kishanreddybjp for distribution of some financial help. Hail India!Hail modi! https://t.co/JDUcYm8CPy',b'shuanurag',"b'Chhatarpur, India'"
,,,
2021-12-02 16:13:56+00:00,b'@kishanreddybjp @narendramodi @tourismgoi @PMOIndia @PIBTour @PIB_India Well done Good Going Keep it up\xf0\x9f\x91\x8c\xf0\x9f\x8c\xb9\xf0\x9f\x92\x90\xf0\x9f\x99\x8f\xf0\x9f\x9a\xa9',b'AdvocateRaaja',b''
,,,
2021-12-02 16:11:43+00:00,b'@the_bhaderwah @JammuTourism @DistrictDoda @DrJitendraSingh @tourismgoi @incredibleindia Beautiful \xe2\x9c\xa8',b'Utkarsh_Sharma6',b'Jammu & Kashmir'
,,,
2021-12-02 16:10:16+00:00,b'@DrTamilisaiGuv @PMOIndia @HMOIndia @PIB_India @PTI_News @ani_digital @ddkpondy @DDPodhigaiTV @airnews_Chennai\xe2\x80\xa6 https://t.co/XkR1zKewhW',b'godwinrajjb',b'Make in Mtm'
,,,
2021-12-02 16:08:27+00:00,"b""Official meeting with Shri.@kishanreddybjp @tourismgoi along with @mlarichards_jvr MLA.. Requested Hon'ble Minister\xe2\x80\xa6 https://t.co/q5jF0h2nBE""",b'Pmlkkalapetpdy',"b'Pondicherry, India'"
,,,
2021-12-02 16:03:56+00:00,b'@SangmaConrad @bruisedpassport @narendramodi @kishanreddybjp @tourismgoi So beautiful',b'SheelaKushwah5',b''
,,,
2021-12-02 15:51:21+00:00,b'.@tourismgoi  has identified Rural Circuit as one of the 15 thematic circuits under its scheme of \xe2\x80\x98Swadesh Darshan:\xe2\x80\xa6 https://t.co/B6pTZ8nege',b'PIBTvpm',"b'Trivandrum, India'"
,,,
2021-12-02 15:41:32+00:00,b'\xf0\x9f\x93\x8dMarg Top Dessa \xf0\x9f\x8f\x94\xef\xb8\x8f\xf0\x9f\x8f\xa0\nDistrict : Doda (J&amp;K)\nOne Of The Most Beautiful Places In Whole J&amp;K.\nThis Place Is Still Less E\xe2\x80\xa6 https://t.co/AfcOwYFpX8',b'the_bhaderwah',"b'Bhaderwah, Jammu And Kashmir'"
,,,
2021-12-02 15:31:03+00:00,b'@RobertaBirder @NikonIndia @BBC_Travel @BBCEarth @NatGeoMag @NatGeoTravel @tourismgoi @camera_bird @SanctuaryAsia @UNWTO Thanks a lot',b'NatureattheBest',b'Port Blair'
,,,
2021-12-02 15:29:47+00:00,b'Union Tourism Minister Sh @kishanreddybjp hands over cheques/sanction letters to first lot of tourism stakeholders\xe2\x80\xa6 https://t.co/WhzhCGJ2mO',b'PIBShillong',"b'\xe0\xa4\xb6\xe0\xa4\xbf\xe0\xa4\xb2\xe0\xa4\xbe\xe0\xa4\x81\xe0\xa4\x97, \xe0\xa4\xad\xe0\xa4\xbe\xe0\xa4\xb0\xe0\xa4\xa4'"
,,,
2021-12-02 15:29:10+00:00,b'Union Tourism Minister Sh @kishanreddybjp hands over cheques/sanction letters to first lot of tourism stakeholders\xe2\x80\xa6 https://t.co/89LI3vUJER',b'PIB_Guwahati',"b'Guwahati, India'"
,,,
2021-12-02 15:29:03+00:00,b'@NatureattheBest @NikonIndia @BBC_Travel @BBCEarth @NatGeoMag @NatGeoTravel @tourismgoi @camera_bird @SanctuaryAsia @UNWTO So beautiful.',b'RobertaBirder',b'Gloucestershire'
,,,
2021-12-02 15:24:28+00:00,b'@NamanHukmani @NikonIndia @BBC_Travel @BBCEarth @NatGeoMag @NatGeoTravel @tourismgoi @camera_bird @RobertaBirder\xe2\x80\xa6 https://t.co/lfZrgjULEM',b'NatureattheBest',b'Port Blair'
,,,
2021-12-02 15:24:16+00:00,"b'I need a six Month Vacation,Twice a year \xf0\x9f\x98\x9c\xf0\x9f\x98\x8d..\n#Kashmir #tourism #Travel #WINTER #Srinagar\n @tourismgoi\xe2\x80\xa6 https://t.co/L9UlpQlL8D'",b'muzamil1504',b'Jammu & Kashmir'
,,,
2021-12-02 15:20:37+00:00,"b""3 day International tourism Mart was organised in #Nagaland. People participated in large numbers. As part of the '\xe2\x80\xa6 https://t.co/VQTmospRs2""",b'DDNewslive',"b'New Delhi, India'"
,,,
2021-12-02 15:14:31+00:00,b'@ABPNews @htTweets @TimesNow @timesofindia @aajtak @indiatvnews @ANI @PIB_India #makemytrip @makemytrip\xe2\x80\xa6 https://t.co/wlN8GLKxdN',b'R_4_ricky',b''
,,,
2021-12-02 15:12:28+00:00,b'@NatureattheBest @NikonIndia @BBC_Travel @BBCEarth @NatGeoMag @NatGeoTravel @tourismgoi @camera_bird @RobertaBirder\xe2\x80\xa6 https://t.co/6dcNSEVjki',b'NamanHukmani',"b'Indore, India'"
,,,
2021-12-02 15:11:46+00:00,"b'@kishanreddybjp @tourismgoi @PMOIndia Respectful Sir, the step taken by you on the above issue was good. But what a\xe2\x80\xa6 https://t.co/lJZ6JQ3WoP'",b'sacred_ultron',b''
,,,
2021-12-02 15:06:44+00:00,b'@makemytripcare @GoI_MeitY @tourismgoi What is status of refund against booking id: AD010003263755 ?',b'NIKHIL_star',b''
,,,
2021-12-02 15:04:10+00:00,b'@NorthernComd_IA @adgpi @firefurycorps @Tri_Service @MirYanaSY @AdityaRajKaul @tourismgoi @HQ_DG_NCC @proudhampur\xe2\x80\xa6 https://t.co/iU8PdMOgXm',b'FaijanR02239614',b''
,,,
2021-12-02 14:27:58+00:00,b'@PriyankaJShukla @GoChhattisgarh @tourismgoi Nice \xf0\x9f\x91\x8d\xf0\x9f\x91\x8d\xf0\x9f\x91\x8d\xf0\x9f\x91\x8d',b'ADAMTHOMAS0001',b''
,,,
2021-12-02 14:26:26+00:00,b'@SangmaConrad @bruisedpassport @narendramodi @kishanreddybjp @tourismgoi Super',b'BheemappaDasan1',b''
,,,
2021-12-02 14:19:41+00:00,"b""@kishanreddybjp @narendramodi @tourismgoi @PMOIndia @PIBTour @PIB_India @PIBHindi It is a great Initiative by Hon'b\xe2\x80\xa6 https://t.co/0iuMHGZGWb""",b'Lee_Murlidharan',b'New Delhi '
,,,
2021-12-02 14:14:54+00:00,"b'#AzadiKaAmritMahotsav \nAircraft:B737-700\n149Seater)by @flyspicejet\nDelhi pax Footfall:\n2ndDec ,21\nArr  from Delhi-1\xe2\x80\xa6 https://t.co/rH97B73z2U'",b'aaiblgairport',b'Belagavi'
,,,
2021-12-02 14:09:47+00:00,b'@sudarsansand @odisha_tourism @incredibleindia @CMO_Odisha @MinOfCultureGoI @tourismgoi Hatts off to your talent sir',b'bluelikepani',b''
,,,
2021-12-02 14:00:33+00:00,b'@VisitUdupi @MinOfCultureGoI @incredibleindia @tourismgoi @KarnatakaWorld @shripadynaik @kishanreddybjp\xe2\x80\xa6 https://t.co/rq5jtUVmmj',b'vinayakblr',b'Bangalore'
,,,
2021-12-02 13:54:39+00:00,"b'@tourismgoi They( #IAS Sh GKV Rao, #IRS Ms R Brar,Secy \xe0\xa4\xb8\xe0\xa4\xbe\xe0\xa4\xb9\xe0\xa5\x87\xe0\xa4\xac \xe0\xa4\xad\xe0\xa5\x80\xf0\x9f\xa4\x94) shd distribute booklet on ""Tips of Quality\xe2\x80\xa6 https://t.co/KT38tzahnT'",b'EditorVipul',b'New Delhi.'
,,,
2021-12-02 13:46:51+00:00,b'@Avadhesh_bjp @LostTemple7 @KarnatakaWorld @tourismgoi @uptourismgov @my_rajasthan @VertigoWarrior @BattaKashmiri\xe2\x80\xa6 https://t.co/FtxWivgNMw',b'RKMishr69960665',"b'New Delhi, India'"
,,,
2021-12-02 13:40:10+00:00,"b'A man-made marvel and a natural one - the beauty of sunset at the marvellous Sun Temple in Modhera, Gujarat \xe2\x9c\xa8\xf0\x9f\x92\xaf\n\nTha\xe2\x80\xa6 https://t.co/LbTqMTDe0T'",b'NamrataSadhvani',b'Hyderabad'
,,,
2021-12-02 13:38:26+00:00,"b'Kindly provide railway facility,Punnami GuestHouse Funds for infra @PMOIndia @AndhraPradeshCM @tourismgoi\xe2\x80\xa6 https://t.co/2CmAVYqblE'",b'OPalamaneru',b'Palamaner'
,,,
2021-12-02 13:32:45+00:00,b'.@tourismgoi has identified Rural Circuit as one of the 15 thematic circuits under its scheme of \xe2\x80\x98Swadesh Darshan:\xe2\x80\xa6 https://t.co/nFmls0yTAh',b'pibchennai',"b'Tamil Nadu, Chennai'"
,,,
2021-12-02 13:30:23+00:00,b'@IndianExpress @CimGOI @GoI_MeitY @minmsme @tourismgoi \nObviously @CMOMaharashtraand &amp; #MVA hv to ACT\nplay LESS pol\xe2\x80\xa6 https://t.co/DJwL6VkaiW',b'AAPVora',"b'Mumbai - Maharashtra, BHARAT.'"
,,,
2021-12-02 13:28:03+00:00,b'@SangmaConrad @Jo_tiish009 @bruisedpassport @narendramodi @kishanreddybjp @tourismgoi Amazing..',b'Alex09810707',b''
,,,
2021-12-02 13:27:07+00:00,b'The joy and excitement in the presence of fellow tribesmen is contagious.\n@tourismgoi @MyGovNagaland\xe2\x80\xa6 https://t.co/NuQOM9uQ9P',b'r_khing',"b'Kohima, India'"
,,,
2021-12-02 13:24:48+00:00,b'Spider -Debrigarh Wildlife Sanctuary\n#DebrigarhNatureCamp\nhttps://t.co/6W9z9K1npR\n#CommunityEcotourismOdisha\xe2\x80\xa6 https://t.co/nwPMmCJz6s',b'HirakudDFO',b'Bargarh'
,,,
2021-12-02 13:21:29+00:00,b'11rh century Sun Temple at Modhera all lit up with 21st century lights. \n\nHave you seen anything prettier than this\xe2\x80\xa6 https://t.co/dj2xWWTmr2',b'Atulmaharaj',b'India'
,,,
2021-12-02 13:18:33+00:00,b'@tourismgoi  has identified Rural Circuit as one of the 15 thematic circuits under its scheme of \xe2\x80\x98Swadesh Darshan:\xe2\x80\xa6 https://t.co/VswNH0pkp9',b'pibvijayawada',"b'Vijayawada, India'"
,,,
2021-12-02 13:09:43+00:00,b'@kishanreddybjp @KishanReddyOfc @PMOIndia @tourismgoi @RupPannuBrar @DrAjaysingh25 \nA big thanks for initiative Sir\xe2\x80\xa6 https://t.co/EiVG5H6Zvi',b'chauhanshak',"b'Agra, India'"
,,,
2021-12-02 13:06:46+00:00,b'@kishanreddybjp @narendramodi @tourismgoi @PMOIndia @PIBTour @PIB_India @PIBHindi Thanks a lot for initiative Sir a\xe2\x80\xa6 https://t.co/qxuG70Qk05',b'chauhanshak',"b'Agra, India'"
,,,
2021-12-02 13:02:41+00:00,b'@PemaKhanduBJP @incredibleindia @lonelyplanet_in @tourismgoi @ArunachalTsm So beautiful',b'SheelaKushwah5',b''
,,,
2021-12-02 12:59:04+00:00,b'\xe2\x80\x98India leads Oman\xe2\x80\x99s tourism revival\xe2\x80\x99; great potential to further enhance India-Oman ties in leisure and travel.\xe2\x80\xa6 https://t.co/n7GvdTCPus',b'Indemb_Muscat',b'Muscat'
,,,
2021-12-02 12:55:31+00:00,b'@NorthernComd_IA @adgpi @firefurycorps @Tri_Service @MirYanaSY @AdityaRajKaul @tourismgoi @HQ_DG_NCC @proudhampur\xe2\x80\xa6 https://t.co/53FhGMuT88',b'Vandana_Sharda',b''
,,,
2021-12-02 12:45:09+00:00,"b'#Assamese #ethenic #food with #fishery Cabin view only at #nalbari , #assam , #India \n@BeautyNature___ @AgriGoI\xe2\x80\xa6 https://t.co/UYrWAoAfuu'",b'GJAgroResort',"b'\xe0\xa4\xa8\xe0\xa4\xb2\xe0\xa4\xac\xe0\xa4\xbe\xe0\xa4\xb0\xe0\xa5\x80, \xe0\xa4\xad\xe0\xa4\xbe\xe0\xa4\xb0\xe0\xa4\xa4'"
,,,
2021-12-02 12:39:53+00:00,b'@tntourismoffcl @MMathiventhan @Sandy_Nanduri @incredibleindia @tourismgoi @pibchennai @ttdctnofficial @PIBTour\xe2\x80\xa6 https://t.co/8d47zgcZk2',b'rgsridhar',b'Chennai'
,,,
2021-12-02 12:39:42+00:00,b'.@tourismgoi has identified Rural Circuit as one of the 15 thematic circuits under its scheme of \xe2\x80\x98Swadesh Darshan\xe2\x80\x99\xe2\x80\xa6 https://t.co/y72wTClM1H',b'PBNS_India',b''
,,,
2021-12-02 12:37:55+00:00,b'The Ministry of Tourism has identified Rural Circuit as one of the 15 thematic circuits under its scheme of \xe2\x80\x98Swades\xe2\x80\xa6 https://t.co/k5KQ9GZIpY',b'PIB_Guwahati',"b'Guwahati, India'"
,,,
2021-12-02 12:37:54+00:00,b'The Ministry of Tourism has identified Rural Circuit as one of the 15 thematic circuits under its scheme of \xe2\x80\x98Swades\xe2\x80\xa6 https://t.co/Gcivx6LDV2',b'PIBShillong',"b'\xe0\xa4\xb6\xe0\xa4\xbf\xe0\xa4\xb2\xe0\xa4\xbe\xe0\xa4\x81\xe0\xa4\x97, \xe0\xa4\xad\xe0\xa4\xbe\xe0\xa4\xb0\xe0\xa4\xa4'"
,,,
2021-12-02 12:28:52+00:00,b'.@tourismgoi  has identified Rural Circuit as one of the 15 thematic circuits under its scheme of \xe2\x80\x98Swadesh Darshan:\xe2\x80\xa6 https://t.co/HYAQF6RHkG',b'PIB_India',b'New Delhi'
,,,
2021-12-02 12:17:06+00:00,b'@mygovindia @tourismgoi @MoHFW_INDIA @PMOIndia @PIB_India @mansukhmandviya @prasarbharati Milestone ...',b'Doctor_yash',"b'Punjab, India'"
,,,
2021-12-02 12:15:40+00:00,b'My God #OmicronVarient\n\nWhat you are doing you fucking \n@mygovindia \n\nSince long all are saying --Stop \nFlights ...\xe2\x80\xa6 https://t.co/PsO2kxhJU6',b'disuv',b'DelhiNCR '
,,,
2021-12-02 12:14:58+00:00,b'@NorthernComd_IA @adgpi @firefurycorps @Tri_Service @MirYanaSY @AdityaRajKaul @tourismgoi @HQ_DG_NCC @proudhampur\xe2\x80\xa6 https://t.co/NNVPoRubU5',b'Shankar60265148',b''
,,,
2021-12-02 12:09:40+00:00,b'@Utkarsh_vision @PMOIndia @EduMinOfIndia @MoHFW_INDIA @FinMinIndia @tourismgoi #Omicron stop international flight o\xe2\x80\xa6 https://t.co/Gq7jE7Ic4J',b'shalini89041610',b'\xe0\xa4\xad\xe0\xa4\xbe\xe0\xa4\xb0\xe0\xa4\xa4'
,,,
2021-12-02 12:05:04+00:00,b'We need to panic.... We need to be aware n proactive... We have to avoid travelling.... I urge again to govt to tak\xe2\x80\xa6 https://t.co/P9jhMNrXxG',b'Utkarsh_vision',b'Bengaluru'
,,,
2021-12-02 12:01:29+00:00,b'@AnyBodyCanFly @tourismgoi @KishanReddyOfc @IndiaSports Meanwhile in Delhi https://t.co/bty7r4a8Sx',b'GAURAVS20563120',b''
,,,
2021-12-02 11:49:37+00:00,"b'Mr. Bibhuti Bhushana Das, Director Tourism, Ministry of Tourism, delivered the vote of thanks for the event. He ext\xe2\x80\xa6 https://t.co/TzOu3MieBe'",b'tourismgoi',"b'New Delhi, India'"
,,,
2021-12-02 11:48:42+00:00,"b'Distributed Loan Cheques/Sanction Letters to Registered Tour Guides and Operators, at New Delhi, today.\n\nThis measu\xe2\x80\xa6 https://t.co/WVoyfkmm74'",b'kishanreddybjp',"b'Hyderabad, Telangana.'"
,,,
2021-12-02 11:33:16+00:00,b'@BastarManish @ipskabra @PMOIndia @tourismgoi @ChhattisgarhCMO @cgforest @rajat4bansal @IshitaMishraTOI\xe2\x80\xa6 https://t.co/ctwiPRXca9',b'aalu_bhata',"b'Chhattisgarh, India'"
,,,
2021-12-02 11:33:10+00:00,b'22nd Hornbill Festival off to a colorful start at Kisama https://t.co/u6XZ8e58zm @MyGovNagaland @tournagaland17 @tourismgoi @MinOfCultureGoI',b'Nagaland_Post',"b'Dimapur, Nagaland'"
,,,
2021-12-02 11:31:19+00:00,"b'Ministry of Tourism, Government of India has funded a PRASAD and  Swadesh Darshan project here. Visit Amaravati by\xe2\x80\xa6 https://t.co/uZL2kvnLej'",b'IndiatourismH',b'Hyderabad'
,,,
2021-12-02 11:30:47+00:00,"b""He also highlighted the importance of Hon'ble Prime Minister, Sh. Narendra Modi ji's supervision and guidance in su\xe2\x80\xa6 https://t.co/a3cmk8IfwE""",b'tourismgoi',"b'New Delhi, India'"
,,,
2021-12-02 11:30:46+00:00,b'He also mentioned that for the first time appointment of tourism officers in embassies across 20 nations will take\xe2\x80\xa6 https://t.co/L1nIzO473F',b'tourismgoi',"b'New Delhi, India'"
,,,
2021-12-02 11:30:45+00:00,b'In rebouncing the tourism industry of India. Emphasis was given upon the impact faced by tourism sector during the\xe2\x80\xa6 https://t.co/GyA2HWdyve',b'tourismgoi',"b'New Delhi, India'"
,,,
2021-12-02 11:30:23+00:00,"b""Sh. G. Kishan Reddy ji, Hon'ble Union Minister for Tourism, Culture and Development of North Eastern Region - DoNER\xe2\x80\xa6 https://t.co/qV03L8D0Dq""",b'tourismgoi',"b'New Delhi, India'"
,,,
2021-12-02 11:28:02+00:00,b'@VisitUdupi @ram_bhaktha @MinOfCultureGoI @incredibleindia @tourismgoi @KarnatakaWorld @shripadynaik\xe2\x80\xa6 https://t.co/eokiDeFYW1',b'Indiahelpin',b''
,,,
2021-12-02 11:20:04+00:00,b'#UNWTO will officially confer the #BestTourismVillage title to #BhoodanPochampally #Pochampally during the General\xe2\x80\xa6 https://t.co/qecis12oSz',b'smtelangana',"b'Hyderabad, India'"
,,,
2021-12-02 11:18:56+00:00,"b""Here's a few glimpses of the #WorldAIDSDay celebration at NEPNI Group of institutions, Hajo, Assam organized by Ind\xe2\x80\xa6 https://t.co/JTFoAbXlsO""",b'Indiatourismno1',b''
,,,
2021-12-02 11:16:10+00:00,b'@sambitswaraj Congratulations on your appointment as the Chairman @ITDC_theashok \n\nBrilliant \xf0\x9f\x91\x8f\xf0\x9f\x8f\xbb\xf0\x9f\x92\x90\n\nCc: @tourismgoi\xe2\x80\xa6 https://t.co/hwTnopTjaV',b'Sabya1024',b'India'
,,,
2021-12-02 11:08:32+00:00,b'Here is a highlight of some of the pavilions at Kisama. Take a walk around the Kisama Heritage Village and discover\xe2\x80\xa6 https://t.co/u1qPB1gomY',b'tournagaland17',"b'Nagaland, India'"
,,,
2021-12-02 11:07:54+00:00,b'@NorthernComd_IA @adgpi @firefurycorps @Tri_Service @MirYanaSY @AdityaRajKaul @tourismgoi @HQ_DG_NCC @proudhampur\xe2\x80\xa6 https://t.co/ozv0ZMDuc9',b'Kunalthakuri1',b''
,,,
2021-12-02 11:07:18+00:00,b'@CNAnnaduraiMP @arivalayam @mkstalin @tourismgoi Thanks \xf0\x9f\x91\x8d\xf0\x9f\x91\x8d',b'sureshsaai',b'Chennai'
,,,
2021-12-02 11:01:47+00:00,b'@NorthernComd_IA @adgpi @firefurycorps @Tri_Service @MirYanaSY @AdityaRajKaul @tourismgoi @HQ_DG_NCC @proudhampur\xe2\x80\xa6 https://t.co/Bi0kRxGM4p',b'firdous_malaika',b''
,,,
2021-12-02 11:00:28+00:00,"b""@TanyaKhanijow @incredibleindia @JandKTourism @tourismgoi Drone videos are not allowed inside dal lake , it's restr\xe2\x80\xa6 https://t.co/scjzKYL36M""",b'Hardcore_fauji',b''
,,,
2021-12-02 10:59:26+00:00,b'@NorthernComd_IA @adgpi @firefurycorps @Tri_Service @MirYanaSY @AdityaRajKaul @tourismgoi @HQ_DG_NCC @proudhampur\xe2\x80\xa6 https://t.co/E4V4ZXwC8y',b'bluspidor',b'India'
,,,
2021-12-02 10:56:42+00:00,"b'@sambitswaraj ji,\xf0\x9f\x99\x8f\nPic \xf0\x9f\x91\x87 of #ITDC officials lk DG/MD #IAS Sh GKV Rao&amp; Co. who love #CORRUPTION &amp; expert in Time Pas\xe2\x80\xa6 https://t.co/Gpa5z4OfeU'",b'EditorVipul',b'New Delhi.'
,,,
2021-12-02 10:53:11+00:00,b'@NorthernComd_IA @adgpi @firefurycorps @Tri_Service @MirYanaSY @AdityaRajKaul @tourismgoi @HQ_DG_NCC @proudhampur\xe2\x80\xa6 https://t.co/0ttIdEcgxR',b'19bbc4329d39480',b'Chandigarh'
,,,
2021-12-02 10:50:06+00:00,b'Jerdons leafbird-Debrigarh Wildlife Sanctuary\n#DebrigarhNatureCamp\nhttps://t.co/6W9z9K1npR\xe2\x80\xa6 https://t.co/0EVRJs80Gb',b'HirakudDFO',b'Bargarh'
,,,
2021-12-02 10:44:56+00:00,b'The third segment of the event was inclusive of distribution of cheques to registered tour operators and guides by\xe2\x80\xa6 https://t.co/ee1w7ixJyz',b'tourismgoi',"b'New Delhi, India'"
,,,
2021-12-02 10:44:33+00:00,b'Physical Inspection of Parasailing Operations at North Goa. \n\n@tourismgoi @EduMinOfIndia\n@incredibleindia\xe2\x80\xa6 https://t.co/qo68PcD9NE',b'niws_goa',b'Goa'
,,,
2021-12-02 10:42:07+00:00,b'shame on you @makemytrip @makemytripcare . please help @tourismgoi @ArvindKejriwal @AmitShah @AmitShahOffice\xe2\x80\xa6 https://t.co/HoMN76XbSQ',b'R_4_ricky',b''
,,,
2021-12-02 10:36:33+00:00,"b'During the second segment of the event, the representatives from the banks such as Punjab National Bank, Union Bank\xe2\x80\xa6 https://t.co/GzOcH2VYRX'",b'tourismgoi',"b'New Delhi, India'"
,,,
2021-12-02 10:35:28+00:00,b'Dept of tourism is celebrating the #verinagfestival2021. Be a part of the student art competition and win Cash priz\xe2\x80\xa6 https://t.co/iBFIjP3fOO',b'AsifHus64515069',b'Rajouri'
,,,
2021-12-02 10:28:54+00:00,b'@narendramodi \n@kishanreddybjp \n@shripadynaik Tourism Industry contributes so much money to the exchequer.\nWhat do\xe2\x80\xa6 https://t.co/FFZNxKmxeE',b'jerroobharrucha',b''
,,,
2021-12-02 10:17:41+00:00,b'#PhyciallyChallenged #SC #PW #WowanHandChild Check in Air Baggage 15kg One Piece #HowPossibleCarryBigBaggage\xe2\x80\xa6 https://t.co/hPxxjMjpV4',b'KamalKanodia',b'New Delhi-INDIA'
,,,
2021-12-02 10:14:34+00:00,b'Must read thread on raptors at Velavadar \xf0\x9f\x91\x8c\xf0\x9f\x8f\xbb Privileged to stay close this beautiful grassland and even more blessed\xe2\x80\xa6 https://t.co/lV8ce79Ryo',b'brijessh',b'India'
,,,
2021-12-02 10:11:15+00:00,b'Ministry of Finance &amp; Bankers towards the execution of this scheme. Around 29 sanction letters have been issued and\xe2\x80\xa6 https://t.co/e99uOZ02pX',b'tourismgoi',"b'New Delhi, India'"
,,,
2021-12-02 10:11:14+00:00,"b""She gave an insight into the event's objectives and that it will help revive tourism industry. Emphasis was given u\xe2\x80\xa6 https://t.co/mfpM6QkCZA""",b'tourismgoi',"b'New Delhi, India'"
,,,
2021-12-02 10:11:13+00:00,"b""The event 'Distribution of Loan Cheques/Sanction Letters to Registered Tour Guides and Operators' commenced with a\xe2\x80\xa6 https://t.co/wepAwHHF5g""",b'tourismgoi',"b'New Delhi, India'"
,,,
2021-12-02 10:06:34+00:00,"b'@rahulsachan1010 @makemytripcare @JM_Scindia @tourismgoi @PMOIndia I am always using MMT, now I will not book the t\xe2\x80\xa6 https://t.co/nubDpOFMvk'",b'sameergla',"b'Noida, India'"
,,,
2021-12-02 10:05:55+00:00,b'Tamil Nadu crafts are very creative and attractive. Here the people bent their minds with great creativity to creat\xe2\x80\xa6 https://t.co/ZTeBHFogeS',b'indiatourism_ch',"b'Chennai, India'"
,,,
2021-12-02 10:01:49+00:00,b'@rahulsachan1010 @makemytripcare @JM_Scindia @tourismgoi @PMOIndia It is so horrible when a passanger is stuck and\xe2\x80\xa6 https://t.co/sURIbAcHHq',b'SanjayK55747623',b''
,,,
2021-12-02 09:46:50+00:00,b'Great initiative by the Tourism Ministry. Really need of the hour. https://t.co/2egxPMvA1r',b'Ahuja2Manish',b''
,,,
2021-12-02 09:46:33+00:00,"b'@rahulsachan1010 @makemytripcare @JM_Scindia @tourismgoi @PMOIndia I would like to request all concern party, to lo\xe2\x80\xa6 https://t.co/rTjytvP369'",b'nirajsachan82',b''
,,,
2021-12-02 09:46:00+00:00,b'@rahulsachan1010 @makemytripcare @JM_Scindia @tourismgoi @PMOIndia Make my trip is good for nothing..seems like boo\xe2\x80\xa6 https://t.co/qomKuO9fDm',b'njoyashu',b''
,,,
2021-12-02 09:41:34+00:00,b'@VICKYMA34938144 @incredibleindia @tourismgoi @utladakhtourism @nontsay @SherineBalti @NayimaBalti @amritabhinder\xe2\x80\xa6 https://t.co/IwmfQlrlNA',b'DetheEsha',b'India'
,,,
2021-12-02 09:27:58+00:00,b'@rahulsachan1010 @makemytripcare @JM_Scindia @tourismgoi @PMOIndia Please look into this asap and resolve the issue.',b'aradwadkishor',"b'Pune, India'"
,,,
2021-12-02 09:26:15+00:00,b'@NorthernComd_IA @adgpi @firefurycorps @Tri_Service @MirYanaSY @AdityaRajKaul @tourismgoi @HQ_DG_NCC @proudhampur\xe2\x80\xa6 https://t.co/GGlYxYazvC',b'Shoaib76311260',b''
,,,
2021-12-02 09:22:48+00:00,b'@NorthernComd_IA @adgpi @firefurycorps @Tri_Service @MirYanaSY @AdityaRajKaul @tourismgoi @HQ_DG_NCC @proudhampur\xe2\x80\xa6 https://t.co/v8P8zfGqTe',b'RAMESHWARKORRA2',b''
,,,
2021-12-02 09:22:09+00:00,b'@rahulsachan1010 @makemytripcare @JM_Scindia @tourismgoi @PMOIndia This is insane..MMT has to give the proper compensation.',b'RajeevGupta20',b'Bangalore'
,,,
2021-12-02 09:21:32+00:00,b'@IndianEmbassyTR @diprjk @anadoluagency @trtworld @JandKTourism @OfficeOfLGJandK @DCAnantnag @TCKulturTurizm\xe2\x80\xa6 https://t.co/4pnZmX8hYh',b'sarwarkashani',"b'New Delhi, India; Kashmir'"
,,,
2021-12-02 09:19:57+00:00,b'@tourismgoi @goatourismtdg @goa @goatourismasg @shripadynaik @PMOIndia @consumerforum_ \n\nI request action to be tak\xe2\x80\xa6 https://t.co/4nDAMyUd5M',b'AmitMohanty7',"b'Bengaluru, India'"
,,,
2021-12-02 09:02:21+00:00,"b'@SangmaConrad @pppsandeep @bruisedpassport @narendramodi @kishanreddybjp @tourismgoi Sir, already the river is so t\xe2\x80\xa6 https://t.co/pogy7x0W3E'",b'hemant_p',b'Earth'
,,,
2021-12-02 08:59:01+00:00,b'Dear @makemytripcare the arbitrary decision is not accepted.I have already submitted the proof. Spice-jet Airline a\xe2\x80\xa6 https://t.co/ry1UQIDUVJ',b'rahulsachan1010',"b'Mumbai, India'"
,,,
2021-12-02 08:56:42+00:00,b'@NorthernComd_IA @adgpi @firefurycorps @Tri_Service @MirYanaSY @AdityaRajKaul @tourismgoi @HQ_DG_NCC @proudhampur\xe2\x80\xa6 https://t.co/nN2bfHfERN',b'ChMukesh_UP11',"b'New Delhi, India'"
,,,
2021-12-02 08:56:36+00:00,"b""The venue is all set for  'Distribution of Loan Cheques/Sanction Letters to Registered Tour Guides and Operators',\xe2\x80\xa6 https://t.co/fQn2Vpabnc""",b'tourismgoi',"b'New Delhi, India'"
,,,
2021-12-02 08:53:16+00:00,"b'@TreeboHotels for my booking ID 9848-0279-2246, hotel put wrong details on my invoice. They are saying they checked\xe2\x80\xa6 https://t.co/JXm2Hlhsib'",b'hitesh1058',"b'New Delhi, India'"
,,,
2021-12-02 08:47:59+00:00,b'@SangmaConrad @bruisedpassport @narendramodi @kishanreddybjp @tourismgoi Thats Pollution Free River Wow!',b'deepak2731973',"b'Pilani, India'"
,,,
2021-12-02 08:46:51+00:00,b'KONARK FESTIVAL 2021 ENTHRALLS LOVERS OF INDIAN CLASSICAL DANCE https://t.co/axxBpFDXsm @odisha_tourism\xe2\x80\xa6 https://t.co/ccDb77dgUr',b'girija_journo',b''
,,,
2021-12-02 08:38:41+00:00,b'@CNAnnaduraiMP @mkstalin @tourismgoi @arivalayam Sir m.p.sir your one minute speech  in the parliament itself was s\xe2\x80\xa6 https://t.co/WgFZq13IF4',b'PBalasundaram7',b'India'
,,,
2021-12-02 08:32:54+00:00,b'@FreepressJ @tourismgoi @CimGOI @minmsme \n@sambitswaraj as new Head for @ITDCindia \nFocus on DOMESTIC TOURISM \nCAMP\xe2\x80\xa6 https://t.co/1ibAPYbLfX',b'AAPVora',"b'Mumbai - Maharashtra, BHARAT.'"
,,,
2021-12-02 08:29:40+00:00,"b'In conversation with @ETTravelworld, @Laisam_Simai, MLA and Advisor - @ArunachalTsm has supported the call of\xe2\x80\xa6 https://t.co/dpUnfp9WjM'",b'ETTravelworld',b''
,,,
2021-12-02 08:20:26+00:00,b'@NorthernComd_IA @adgpi @firefurycorps @Tri_Service @MirYanaSY @AdityaRajKaul @tourismgoi @HQ_DG_NCC @proudhampur\xe2\x80\xa6 https://t.co/MxBGpWZi5Q',b'YatinJain19',"b'Indore, India'"
,,,
2021-12-02 08:18:25+00:00,b'Huge congratulations to Sonam Tshering &amp; Nima Om from the Khuruthang School for winning the India@75 #AmritMahotsav\xe2\x80\xa6 https://t.co/gxhpqeG5QO',b'RuchiraKamboj',b''
,,,
2021-12-02 08:13:22+00:00,b'@SamratBhute @NorthernComd_IA @adgpi @firefurycorps @Tri_Service @MirYanaSY @AdityaRajKaul @tourismgoi @HQ_DG_NCC\xe2\x80\xa6 https://t.co/fdVz8qtA7X',b'rajmwali',b'BELGAUM'
,,,
2021-12-02 08:12:42+00:00,"b'Dudhsagar Falls, Goa, India\n\n#DekhoApnaDesh \n@tourismgoi @TourismGoa @RailMinIndia @incredibleindia https://t.co/rJLVyzTwmv'",b'IndiainSwiss',"b'Berne, Switzerland'"
,,,
2021-12-02 08:11:00+00:00,b'@NorthernComd_IA @adgpi @firefurycorps @Tri_Service @MirYanaSY @AdityaRajKaul @tourismgoi @HQ_DG_NCC @proudhampur\xe2\x80\xa6 https://t.co/95BR8Q0gGV',b'SamratBhute',"b'Jammu, Jammu & Kashmir, India'"
,,,
2021-12-02 08:09:05+00:00,"b'Hornbill Festival 2021, Nagaland, India\n\n#HornbillFestival2021 #DekhoApnaDesh \n@tourismgoi @tournagaland17 https://t.co/lWX9cv6zHX'",b'IndiainSwiss',"b'Berne, Switzerland'"
,,,
2021-12-02 08:06:52+00:00,b'@SanjibBaliars12 @sambitswaraj @ITDC @odisha_tourism @tourismgoi @BJP4India @BJP4Odisha @TourismDptt\xe2\x80\xa6 https://t.co/CMGbYY3BBZ',b'KabuliSahoo7',b''
,,,
2021-12-02 08:04:34+00:00,b'@VisitJharkhand @HemantSorenJMM @prdjharkhand @incredibleindia @DC_Ranchi @tourismgoi @JharkhandCMO Jharkhand is ve\xe2\x80\xa6 https://t.co/5tfuiNxo8O',b'Lenkaspeaks',"b'Bhubaneswar, India'"
,,,
2021-12-02 08:03:55+00:00,"b'Please simplify rules, travel has suffered enough, we want respite from knee jerk reactions. @OfficeofUT\xe2\x80\xa6 https://t.co/b9Wqw69Eu6'",b'sapnarateria',"b'Mumbai, India'"
,,,
2021-12-02 08:03:25+00:00,b'@Atulmaharaj @GujaratTourism @tourismgoi @IndiatourismM @NamrataSadhvani @wanderitaa @lsprasath @anzaarnabi\xe2\x80\xa6 https://t.co/9FeYxnEjzm',b'MaheshwaraJothi',"b'Milan, Lombardy'"
,,,
2021-12-02 07:59:10+00:00,b'@NorthernComd_IA @adgpi @firefurycorps @Tri_Service @MirYanaSY @AdityaRajKaul @tourismgoi @HQ_DG_NCC @proudhampur\xe2\x80\xa6 https://t.co/qHUZpXF6oU',b'NareshK89643573',b''
,,,
2021-12-02 07:49:40+00:00,b'@NorthernComd_IA @adgpi @firefurycorps @Tri_Service @MirYanaSY @AdityaRajKaul @tourismgoi @HQ_DG_NCC @proudhampur\xe2\x80\xa6 https://t.co/CEsGJDETwJ',b's51003247_singh',"b'Punjab, India'"
,,,
2021-12-02 07:46:02+00:00,"b""Rapid test costs 3500rs at IGI while in hospitals it's just for 600-800rs. The test at IGI is special or its just f\xe2\x80\xa6 https://t.co/I8SJoaJX56""",b'AyushAgarwal4',"b'jaipur,india'"
,,,
2021-12-02 07:35:51+00:00,b'@RaviBharadwaj_ @KarnatakaWorld @tourismgoi Copying my threads word to word??\n\nhttps://t.co/z2DprV7yJ9',b'Jayalko1',b'Lucknow'
,,,
2021-12-02 07:33:52+00:00,b'@NorthernComd_IA @adgpi @firefurycorps @Tri_Service @MirYanaSY @AdityaRajKaul @tourismgoi @HQ_DG_NCC @proudhampur\xe2\x80\xa6 https://t.co/jPIi2cHCKx',b'Aradhnasingh1',b'Lucknow '
,,,
2021-12-02 07:30:29+00:00,b'@SangmaConrad @bruisedpassport @narendramodi @kishanreddybjp @tourismgoi The crystal clear river water is amazing t\xe2\x80\xa6 https://t.co/gYzdfHiXbH',b'OdyuoNyimathung',b'Dimapur '
,,,
2021-12-02 07:30:25+00:00,b'@dipalay @incredibleindia @TripuraTourism @shanpati @khabri_lal @tourismgoi Beautiful pics',b'shivendra__s',b'India'
,,,
2021-12-02 07:27:06+00:00,b'@BhavinManiyar10 @jb_bhesaniya @tourismgoi Nice',b'aditiraval',"b'Gujarat, India'"
,,,
2021-12-02 07:25:25+00:00,b'@VisitJharkhand @HemantSorenJMM @prdjharkhand @incredibleindia @JharkhandCMO @tourismgoi Precautions: carry a pillow',b'AbhishekGdhhgs',b''
,,,
2021-12-02 07:25:23+00:00,"b'@SangmaConrad @bruisedpassport @narendramodi @kishanreddybjp @tourismgoi sir, just guessing, a movie song, shot her\xe2\x80\xa6 https://t.co/KIDVrQPbyb'",b'Th0taSr1nu',b''
